gene,IndModel.adj.pvals,IndModel.FC,MixedModel.z,MixedModel.p,DEGs.Ind.Model,DEGs.Ind.Mix.models,celltype
COX4I1,5.54E-41,-0.693265669,-5.721807403,1.05E-08,TRUE,TRUE,Inh
NGFRAP1,1.61E-39,-0.569414921,-6.374196444,1.84E-10,TRUE,TRUE,Inh
TMSB4X,4.07E-36,-0.469761211,-4.533423204,5.80E-06,TRUE,TRUE,Inh
ATPIF1,4.15E-35,-0.660146919,-5.372275436,7.77E-08,TRUE,TRUE,Inh
NDUFA4,1.81E-32,-0.528920475,-4.571972106,4.83E-06,TRUE,TRUE,Inh
STMN2,5.59E-28,-0.438819835,-5.911677214,3.39E-09,TRUE,TRUE,Inh
SOD1,1.01E-27,-0.529723314,-4.271195439,1.94E-05,TRUE,TRUE,Inh
ICA1,7.56E-27,-0.348770514,-7.031934,2.04E-12,TRUE,TRUE,Inh
RP11-701H24.9,7.66E-25,-0.255288579,-4.231845549,2.32E-05,TRUE,TRUE,Inh
CIRBP,4.31E-24,-0.327628977,-4.554410407,5.25E-06,TRUE,TRUE,Inh
DHFR,8.75E-24,1.177345735,4.769682251,1.85E-06,TRUE,TRUE,Inh
BEX2,5.78E-23,-0.489094306,-4.872434068,1.10E-06,TRUE,TRUE,Inh
TCEAL4,6.23E-22,-0.53991747,-4.608766276,4.05E-06,TRUE,TRUE,Inh
SPCS1,2.10E-21,-0.58664958,-5.240945085,1.60E-07,TRUE,TRUE,Inh
BEX4,1.40E-20,-0.418412144,-4.289461822,1.79E-05,TRUE,TRUE,Inh
TAF15,5.28E-19,-0.353965598,-5.02450113,5.05E-07,TRUE,TRUE,Inh
MGST3,6.92E-19,-0.277851181,-4.427836583,9.52E-06,TRUE,TRUE,Inh
MAMDC2,4.56E-18,-0.424904928,-5.155703207,2.53E-07,TRUE,TRUE,Inh
EML6,6.93E-18,-0.300065299,-6.014357033,1.81E-09,TRUE,TRUE,Inh
ATP5G3,1.97E-17,-0.519411163,-4.50046136,6.78E-06,TRUE,TRUE,Inh
MLLT11,3.74E-17,-0.545948733,-4.298434007,1.72E-05,TRUE,TRUE,Inh
ATP5J,1.73E-16,-0.482523739,-4.635580944,3.56E-06,TRUE,TRUE,Inh
PDE8A,9.83E-16,-0.28945988,-5.326870984,9.99E-08,TRUE,TRUE,Inh
FBXO2,2.93E-15,-0.719010104,-4.52331849,6.09E-06,TRUE,TRUE,Inh
GPI,1.18E-14,-0.32308137,-4.849665109,1.24E-06,TRUE,TRUE,Inh
BEX5,2.86E-14,-0.682028732,-4.742016053,2.12E-06,TRUE,TRUE,Inh
SCAND1,3.91E-14,-0.412178918,-4.575114488,4.76E-06,TRUE,TRUE,Inh
NDUFA12,4.07E-14,-0.524150646,-4.219926123,2.44E-05,TRUE,TRUE,Inh
COX5A,5.55E-14,-0.518269445,-4.39097056,1.13E-05,TRUE,TRUE,Inh
PLAGL1,1.08E-13,-0.370824345,-4.736279665,2.18E-06,TRUE,TRUE,Inh
PPA1,1.76E-13,-0.368564695,-4.313769176,1.60E-05,TRUE,TRUE,Inh
PSMD7,4.17E-13,-0.416172028,-4.846248193,1.26E-06,TRUE,TRUE,Inh
MRPL27,3.20E-12,-0.812282858,-5.119523828,3.06E-07,TRUE,TRUE,Inh
NDUFS3,5.21E-12,-0.654527095,-4.376731227,1.20E-05,TRUE,TRUE,Inh
TRMT112,5.57E-12,-0.482349291,-4.184577323,2.86E-05,TRUE,TRUE,Inh
MRPL55,6.34E-12,-0.682713438,-5.434732771,5.49E-08,TRUE,TRUE,Inh
MTRNR2L12,9.13E-12,1.202958644,4.931462412,8.16E-07,TRUE,TRUE,Inh
GPATCH2,5.19E-11,-0.253739406,-4.541141169,5.60E-06,TRUE,TRUE,Inh
TCEAL6,5.35E-11,-0.697580195,-4.505868009,6.61E-06,TRUE,TRUE,Inh
RAB3IP,6.45E-11,-0.333369019,-4.558516364,5.15E-06,TRUE,TRUE,Inh
TSEN2,6.57E-11,-0.36216232,-4.184855968,2.85E-05,TRUE,TRUE,Inh
TPK1,7.12E-11,-0.360343797,-4.158076053,3.21E-05,TRUE,TRUE,Inh
CMC2,9.55E-11,-0.500542228,-4.597367798,4.28E-06,TRUE,TRUE,Inh
LAMP5,1.11E-10,-0.893574743,-7.819951379,5.28E-15,TRUE,TRUE,Inh
EIF4E1B,1.56E-10,-0.819853818,-4.718544479,2.38E-06,TRUE,TRUE,Inh
ASAH1,1.90E-10,-0.352651341,-4.321467573,1.55E-05,TRUE,TRUE,Inh
SV2C,4.07E-10,-0.547691443,-5.167840809,2.37E-07,TRUE,TRUE,Inh
MRPS16,5.91E-10,-0.576292865,-4.362511743,1.29E-05,TRUE,TRUE,Inh
LGALS1,6.79E-10,-0.933823563,-6.112880842,9.78E-10,TRUE,TRUE,Inh
TRPC3,1.03E-09,-0.580156018,-5.470307812,4.49E-08,TRUE,TRUE,Inh
COPG2,1.75E-08,-0.36120173,-4.36288549,1.28E-05,TRUE,TRUE,Inh
KCNH5,1.00E-06,-0.252741693,-4.135740981,3.54E-05,TRUE,TRUE,Inh
NXPH2,2.93E-06,-0.254343713,-4.20740981,2.58E-05,TRUE,TRUE,Inh
GPS2,0.000295097,1.035961179,4.212808206,2.52E-05,TRUE,TRUE,Inh
RASGEF1B,0,0.897136152,6.127534792,8.93E-10,TRUE,TRUE,Exc
NGFRAP1,0,-0.662872332,-11.22153181,3.20E-29,TRUE,TRUE,Exc
LINGO1,6.26E-298,0.602907447,5.689686527,1.27E-08,TRUE,TRUE,Exc
BEX1,8.20E-283,-0.605891113,-9.953162786,2.44E-23,TRUE,TRUE,Exc
SLC26A3,2.12E-276,0.897916223,6.54022884,6.14E-11,TRUE,TRUE,Exc
TUBB2A,1.99E-258,-0.645653274,-5.237939728,1.62E-07,TRUE,TRUE,Exc
BEX2,3.87E-244,-0.629187851,-11.42797912,3.03E-30,TRUE,TRUE,Exc
STMN1,3.28E-237,-0.554918797,-6.065152355,1.32E-09,TRUE,TRUE,Exc
ATPIF1,3.52E-234,-0.594685523,-6.573661357,4.91E-11,TRUE,TRUE,Exc
RAB3A,1.18E-233,-0.57481849,-7.675489552,1.65E-14,TRUE,TRUE,Exc
CES4A,3.63E-231,-0.744177254,-8.06341374,7.42E-16,TRUE,TRUE,Exc
SOD1,6.86E-230,-0.598997646,-7.044689573,1.86E-12,TRUE,TRUE,Exc
SRP14,3.52E-224,-0.515238134,-5.078922331,3.80E-07,TRUE,TRUE,Exc
DYNLL1,3.11E-212,-0.472410538,-6.8792128,6.02E-12,TRUE,TRUE,Exc
SCG5,7.53E-211,-0.462550606,-7.132468791,9.86E-13,TRUE,TRUE,Exc
RAPH1,3.44E-210,-0.440484256,-4.717903032,2.38E-06,TRUE,TRUE,Exc
WSB1,5.77E-210,-0.427257953,-6.237059454,4.46E-10,TRUE,TRUE,Exc
HINT1,6.14E-208,-0.541864849,-6.806319971,1.00E-11,TRUE,TRUE,Exc
COX4I1,6.14E-208,-0.623155829,-4.671734705,2.99E-06,TRUE,TRUE,Exc
PEBP1,1.77E-206,-0.455976838,-5.641876969,1.68E-08,TRUE,TRUE,Exc
VDAC3,1.90E-206,-0.528476117,-8.252529163,1.55E-16,TRUE,TRUE,Exc
BEX5,5.59E-202,-0.72683972,-10.08597477,6.37E-24,TRUE,TRUE,Exc
BEX4,3.80E-200,-0.482490099,-8.33108434,8.01E-17,TRUE,TRUE,Exc
EID1,3.80E-200,-0.489370617,-7.176796336,7.14E-13,TRUE,TRUE,Exc
C14orf2,3.65E-198,-0.493797738,-6.667979447,2.59E-11,TRUE,TRUE,Exc
TUBB4B,1.68E-197,-0.535668369,-4.606792564,4.09E-06,TRUE,TRUE,Exc
RPL15,5.08E-197,-0.486459353,-6.664192513,2.66E-11,TRUE,TRUE,Exc
MDH1,2.05E-195,-0.444748445,-7.419022468,1.18E-13,TRUE,TRUE,Exc
ATP6V1F,3.36E-192,-0.589861682,-6.696923141,2.13E-11,TRUE,TRUE,Exc
TUBA4A,1.02E-190,-0.562890982,-5.618322594,1.93E-08,TRUE,TRUE,Exc
CIRBP,6.46E-186,-0.415872189,-7.826242586,5.03E-15,TRUE,TRUE,Exc
MTRNR2L8,2.91E-182,2.751638313,5.269807442,1.37E-07,TRUE,TRUE,Exc
TCEAL2,1.02E-179,-0.49552826,-7.954378353,1.80E-15,TRUE,TRUE,Exc
ICA1,4.54E-179,-0.322661545,-9.799888338,1.13E-22,TRUE,TRUE,Exc
TARBP1,4.21E-178,-0.318281999,-8.122523427,4.57E-16,TRUE,TRUE,Exc
TIMP3,1.76E-175,-0.832917418,-7.02528524,2.14E-12,TRUE,TRUE,Exc
GAP43,5.34E-174,-0.421340431,-6.926760206,4.31E-12,TRUE,TRUE,Exc
TMSB4X,6.40E-174,-0.388043403,-4.614117885,3.95E-06,TRUE,TRUE,Exc
RPH3A,9.44E-173,-0.454401997,-4.690556118,2.72E-06,TRUE,TRUE,Exc
STAT4,6.93E-172,-0.429028923,-7.165524177,7.75E-13,TRUE,TRUE,Exc
RAB11A,6.57E-171,-0.345324948,-5.955517769,2.59E-09,TRUE,TRUE,Exc
CCK,2.23E-170,-0.433746675,-4.480498568,7.45E-06,TRUE,TRUE,Exc
SNU13,4.62E-169,-0.523617859,-10.29189258,7.67E-25,TRUE,TRUE,Exc
MGST3,2.50E-167,-0.408791096,-6.300532148,2.97E-10,TRUE,TRUE,Exc
TSPAN7,7.98E-165,-0.345886124,-4.724250735,2.31E-06,TRUE,TRUE,Exc
SNCG,9.19E-165,-1.012879428,-5.541204211,3.00E-08,TRUE,TRUE,Exc
SAP18,5.10E-163,-0.521966635,-10.73435644,7.02E-27,TRUE,TRUE,Exc
RTF1,3.99E-162,-0.307665419,-5.265546127,1.40E-07,TRUE,TRUE,Exc
DHFR,9.33E-162,1.175363347,7.334765899,2.22E-13,TRUE,TRUE,Exc
ATP5G3,1.59E-161,-0.532004945,-7.062793039,1.63E-12,TRUE,TRUE,Exc
HMGN3,9.34E-160,-0.328134351,-4.756788312,1.97E-06,TRUE,TRUE,Exc
ISCU,3.87E-159,-0.504930297,-7.23684249,4.59E-13,TRUE,TRUE,Exc
PAK1,9.68E-158,-0.301086834,-7.079488956,1.45E-12,TRUE,TRUE,Exc
MLLT11,2.14E-157,-0.424935425,-6.533358212,6.43E-11,TRUE,TRUE,Exc
ATP6AP2,3.96E-157,-0.502786449,-7.152200051,8.54E-13,TRUE,TRUE,Exc
UBC,1.21E-156,-0.384760386,-4.90822349,9.19E-07,TRUE,TRUE,Exc
NDUFS5,3.01E-156,-0.415049643,-4.789953972,1.67E-06,TRUE,TRUE,Exc
RPL29,1.19E-155,-0.487654375,-4.333188047,1.47E-05,TRUE,TRUE,Exc
UQCRH,5.47E-155,-0.410196627,-6.088032009,1.14E-09,TRUE,TRUE,Exc
CHCHD2,1.59E-154,-0.513806964,-4.823725673,1.41E-06,TRUE,TRUE,Exc
GOLT1B,3.70E-153,-0.513069228,-9.393468018,5.81E-21,TRUE,TRUE,Exc
RTN4,8.63E-152,-0.336865101,-4.589773729,4.44E-06,TRUE,TRUE,Exc
SVOP,1.25E-151,-0.341678698,-5.898430922,3.67E-09,TRUE,TRUE,Exc
CSMD1,5.87E-151,0.292989267,4.734786756,2.19E-06,TRUE,TRUE,Exc
SPCS1,6.05E-151,-0.559290814,-6.407524948,1.48E-10,TRUE,TRUE,Exc
ACTG1,1.29E-150,-0.346197277,-5.424128934,5.82E-08,TRUE,TRUE,Exc
PARK7,7.83E-150,-0.546045361,-7.604543231,2.86E-14,TRUE,TRUE,Exc
RAB1A,8.27E-148,-0.35282989,-7.15026217,8.66E-13,TRUE,TRUE,Exc
RGS4,1.08E-147,-0.397283285,-5.173222421,2.30E-07,TRUE,TRUE,Exc
ATP5L,1.40E-147,-0.451612733,-6.658842379,2.76E-11,TRUE,TRUE,Exc
NRN1,2.45E-147,-0.478593924,-5.783069946,7.33E-09,TRUE,TRUE,Exc
PSMA7,4.64E-147,-0.528817645,-7.995220441,1.29E-15,TRUE,TRUE,Exc
ATF6B,1.29E-146,-0.500565904,-6.357597893,2.05E-10,TRUE,TRUE,Exc
UQCRC2,2.20E-146,-0.429524621,-5.670826603,1.42E-08,TRUE,TRUE,Exc
ATP6V1D,2.28E-146,-0.54572987,-8.890788154,6.07E-19,TRUE,TRUE,Exc
SUB1,8.88E-146,-0.399160383,-6.999300798,2.57E-12,TRUE,TRUE,Exc
GABARAPL2,1.79E-145,-0.501710124,-4.98194733,6.29E-07,TRUE,TRUE,Exc
ZKSCAN1,4.71E-144,-0.336906222,-5.036372981,4.74E-07,TRUE,TRUE,Exc
TMEM241,2.62E-143,-0.29528247,-8.27257541,1.31E-16,TRUE,TRUE,Exc
CISD1,4.79E-143,-0.351636889,-7.45745009,8.82E-14,TRUE,TRUE,Exc
NRD1,6.69E-143,-0.315977001,-8.960983986,3.22E-19,TRUE,TRUE,Exc
CHCHD10,9.29E-143,-0.330614922,-4.484785744,7.30E-06,TRUE,TRUE,Exc
H3F3B,1.32E-142,-0.408831101,-5.652844396,1.58E-08,TRUE,TRUE,Exc
DDRGK1,3.40E-140,-0.638972702,-6.815055227,9.42E-12,TRUE,TRUE,Exc
MRPS16,1.47E-139,-0.643706258,-7.045828025,1.84E-12,TRUE,TRUE,Exc
ZNF565,3.86E-138,-0.476556185,-6.287681286,3.22E-10,TRUE,TRUE,Exc
MRPS21,9.62E-138,-0.381403883,-6.063195009,1.33E-09,TRUE,TRUE,Exc
NDUFA5,4.57E-137,-0.472206787,-7.085417171,1.39E-12,TRUE,TRUE,Exc
OCIAD1,3.64E-136,-0.280159539,-5.480209845,4.25E-08,TRUE,TRUE,Exc
SRPK1,8.93E-136,-0.326190006,-4.484550423,7.31E-06,TRUE,TRUE,Exc
TAF15,9.75E-136,-0.255224659,-8.426761551,3.55E-17,TRUE,TRUE,Exc
DLG2,1.86E-134,0.262000918,4.945189968,7.61E-07,TRUE,TRUE,Exc
HSD17B12,9.97E-134,-0.336151416,-6.610014918,3.84E-11,TRUE,TRUE,Exc
IDH2,1.33E-133,-0.650817754,-10.9862994,4.45E-28,TRUE,TRUE,Exc
ATP6V1G1,5.33E-133,-0.408924042,-4.81764236,1.45E-06,TRUE,TRUE,Exc
COX6C,7.72E-132,-0.401998322,-4.419283535,9.90E-06,TRUE,TRUE,Exc
UBE2V2,2.28E-131,-0.376997318,-7.422096451,1.15E-13,TRUE,TRUE,Exc
EIF1B,3.42E-131,-0.411748033,-6.325275879,2.53E-10,TRUE,TRUE,Exc
YWHAH,1.19E-130,-0.286612043,-4.423877753,9.69E-06,TRUE,TRUE,Exc
ATP5G1,1.35E-130,-0.489724183,-4.797883303,1.60E-06,TRUE,TRUE,Exc
AP3S1,1.49E-130,-0.35535015,-6.672258222,2.52E-11,TRUE,TRUE,Exc
GLMN,1.77E-129,-0.36490594,-6.802033417,1.03E-11,TRUE,TRUE,Exc
BRK1,2.38E-129,-0.415437703,-7.094121324,1.30E-12,TRUE,TRUE,Exc
HAGH,2.67E-129,-0.343886238,-6.707652389,1.98E-11,TRUE,TRUE,Exc
RALYL,1.23E-128,0.283332446,6.62746196,3.42E-11,TRUE,TRUE,Exc
SPDYE3,2.54E-128,-0.709075867,-7.775244907,7.53E-15,TRUE,TRUE,Exc
CHGB,3.00E-128,-0.451528886,-4.665691543,3.08E-06,TRUE,TRUE,Exc
ATP5J,1.63E-127,-0.438027187,-5.213059165,1.86E-07,TRUE,TRUE,Exc
SUMF1,6.11E-127,-0.26679166,-5.089650126,3.59E-07,TRUE,TRUE,Exc
RASGRF1,7.44E-127,-0.295193317,-4.41714373,1.00E-05,TRUE,TRUE,Exc
GOT1,4.61E-126,-0.466629608,-5.436003076,5.45E-08,TRUE,TRUE,Exc
PSMD7,3.41E-125,-0.462484853,-7.328307536,2.33E-13,TRUE,TRUE,Exc
CSTB,3.68E-125,-0.490489361,-5.641346137,1.69E-08,TRUE,TRUE,Exc
TCEAL5,3.77E-125,-0.652940245,-7.679325842,1.60E-14,TRUE,TRUE,Exc
RAN,5.99E-125,-0.417005589,-5.288383617,1.23E-07,TRUE,TRUE,Exc
ACTR2,1.29E-124,-0.295570897,-6.707057938,1.99E-11,TRUE,TRUE,Exc
SCAND1,1.73E-124,-0.58842233,-6.138507182,8.33E-10,TRUE,TRUE,Exc
ZSCAN18,1.24E-123,-0.452983622,-4.441125856,8.95E-06,TRUE,TRUE,Exc
ASAH1,1.36E-123,-0.467674465,-7.415878212,1.21E-13,TRUE,TRUE,Exc
MED10,3.18E-123,-0.472139465,-5.83297673,5.44E-09,TRUE,TRUE,Exc
DSTN,1.11E-122,-0.304342911,-4.985729845,6.17E-07,TRUE,TRUE,Exc
CYCS,1.74E-122,-0.418237219,-5.17469303,2.28E-07,TRUE,TRUE,Exc
UQCR10,2.62E-121,-0.426672708,-4.945701955,7.59E-07,TRUE,TRUE,Exc
HGSNAT,1.35E-120,-0.375796703,-8.570255256,1.03E-17,TRUE,TRUE,Exc
TM7SF3,3.88E-120,-0.399753351,-6.876704525,6.13E-12,TRUE,TRUE,Exc
CRBN,1.18E-119,-0.352283912,-5.246858001,1.55E-07,TRUE,TRUE,Exc
ENY2,1.42E-119,-0.463394484,-6.861518801,6.81E-12,TRUE,TRUE,Exc
GRIN1,8.02E-119,0.603411595,6.372299858,1.86E-10,TRUE,TRUE,Exc
CLTA,3.02E-118,-0.361337946,-5.729234802,1.01E-08,TRUE,TRUE,Exc
DNM1L,3.75E-117,-0.262772707,-5.950088967,2.68E-09,TRUE,TRUE,Exc
ATP5G2,4.14E-117,-0.379876208,-5.495476186,3.90E-08,TRUE,TRUE,Exc
LAMTOR5,9.73E-117,-0.490111436,-6.563439531,5.26E-11,TRUE,TRUE,Exc
ZNF428,2.81E-116,-0.428691921,-5.818262687,5.95E-09,TRUE,TRUE,Exc
MED31,1.37E-115,-0.456693508,-6.643748737,3.06E-11,TRUE,TRUE,Exc
PRMT8,4.97E-113,-0.329397798,-5.913766515,3.34E-09,TRUE,TRUE,Exc
PSMB7,5.12E-113,-0.436475479,-6.372750784,1.86E-10,TRUE,TRUE,Exc
EIF3K,1.99E-111,-0.469113009,-6.896357529,5.34E-12,TRUE,TRUE,Exc
TOX4,9.51E-111,-0.439388015,-6.516424537,7.20E-11,TRUE,TRUE,Exc
SLC25A37,1.78E-110,-0.291257847,-4.763523708,1.90E-06,TRUE,TRUE,Exc
TMEM14A,6.73E-110,-0.346944464,-4.914409629,8.91E-07,TRUE,TRUE,Exc
TRAPPC13,8.30E-110,-0.38105929,-6.669963297,2.56E-11,TRUE,TRUE,Exc
FAM127A,2.98E-109,-0.284830109,-4.547249757,5.44E-06,TRUE,TRUE,Exc
XRCC6,4.40E-109,-0.325839464,-7.698282044,1.38E-14,TRUE,TRUE,Exc
MAX,5.96E-109,-0.32963858,-6.433472562,1.25E-10,TRUE,TRUE,Exc
GSTA4,7.52E-109,-0.267321113,-6.494358969,8.34E-11,TRUE,TRUE,Exc
BTF3,1.04E-108,-0.422261926,-4.495995446,6.92E-06,TRUE,TRUE,Exc
ATP1B3,9.60E-108,-0.373576404,-4.366927329,1.26E-05,TRUE,TRUE,Exc
COPS6,3.33E-107,-0.428290232,-5.77400379,7.74E-09,TRUE,TRUE,Exc
MTR,3.44E-107,-0.354475259,-9.232976215,2.63E-20,TRUE,TRUE,Exc
MYL12B,7.36E-107,-0.452732177,-5.657716557,1.53E-08,TRUE,TRUE,Exc
COX5A,8.04E-107,-0.560110839,-6.248221977,4.15E-10,TRUE,TRUE,Exc
MTRNR2L12,9.36E-107,1.544824497,8.208462424,2.24E-16,TRUE,TRUE,Exc
NAA20,1.13E-106,-0.561531259,-8.325850792,8.37E-17,TRUE,TRUE,Exc
PRDX5,1.25E-106,-0.444689124,-4.589778722,4.44E-06,TRUE,TRUE,Exc
CCDC12,1.34E-105,-0.487255543,-6.070266461,1.28E-09,TRUE,TRUE,Exc
C19orf53,1.76E-105,-0.49162932,-4.409665778,1.04E-05,TRUE,TRUE,Exc
ATP6V1B2,2.48E-105,-0.295980698,-4.311421617,1.62E-05,TRUE,TRUE,Exc
PAPD4,3.24E-105,-0.252694462,-6.276624545,3.46E-10,TRUE,TRUE,Exc
RECK,3.35E-105,-0.338147859,-8.548834069,1.24E-17,TRUE,TRUE,Exc
CFAP36,1.38E-104,-0.341306242,-4.55090524,5.34E-06,TRUE,TRUE,Exc
NAP1L5,1.47E-104,-0.520773794,-6.505690894,7.73E-11,TRUE,TRUE,Exc
ARPC3,1.70E-104,-0.446812394,-4.677493794,2.90E-06,TRUE,TRUE,Exc
PSMC1,2.65E-104,-0.413822802,-5.027668026,4.96E-07,TRUE,TRUE,Exc
ANO10,2.65E-104,-0.26843188,-6.55011377,5.75E-11,TRUE,TRUE,Exc
RPL36AL,6.16E-104,-0.540990322,-4.703207535,2.56E-06,TRUE,TRUE,Exc
SPG11,3.34E-103,-0.268110824,-7.629798743,2.35E-14,TRUE,TRUE,Exc
DDX1,9.82E-103,-0.366936154,-6.794082474,1.09E-11,TRUE,TRUE,Exc
ZRANB3,1.72E-102,-0.250601208,-4.539659468,5.63E-06,TRUE,TRUE,Exc
XPO4,7.63E-102,-0.292881453,-6.367273732,1.92E-10,TRUE,TRUE,Exc
PDK3,7.72E-102,-0.308693289,-5.249770883,1.52E-07,TRUE,TRUE,Exc
FBXO2,6.22E-101,-0.380281255,-4.640234759,3.48E-06,TRUE,TRUE,Exc
CCDC24,1.31E-99,-0.499921645,-6.254592089,3.99E-10,TRUE,TRUE,Exc
SNRPA1,2.21E-99,-0.396555392,-6.090884733,1.12E-09,TRUE,TRUE,Exc
CIAO1,2.57E-99,-0.457622803,-5.646003898,1.64E-08,TRUE,TRUE,Exc
COA3,4.91E-99,-0.59615841,-5.951491387,2.66E-09,TRUE,TRUE,Exc
WDR61,1.72E-98,-0.319129824,-5.478585417,4.29E-08,TRUE,TRUE,Exc
MEST,3.77E-98,-0.424835434,-4.369239487,1.25E-05,TRUE,TRUE,Exc
C19orf43,6.12E-98,-0.374596936,-5.910117979,3.42E-09,TRUE,TRUE,Exc
ERH,9.34E-98,-0.41628213,-6.417150881,1.39E-10,TRUE,TRUE,Exc
TCEB1,1.57E-97,-0.359443102,-5.677997912,1.36E-08,TRUE,TRUE,Exc
RABEPK,1.72E-97,-0.401076044,-9.264692685,1.96E-20,TRUE,TRUE,Exc
PCED1B,2.23E-97,-0.535828093,-4.310816817,1.63E-05,TRUE,TRUE,Exc
TSEN2,3.01E-97,-0.281641231,-7.648133438,2.04E-14,TRUE,TRUE,Exc
NOP56,8.45E-97,-0.38141594,-5.111400359,3.20E-07,TRUE,TRUE,Exc
ARL3,8.90E-97,-0.267113484,-5.099767497,3.40E-07,TRUE,TRUE,Exc
RPRML,9.07E-97,-0.50365041,-4.40443405,1.06E-05,TRUE,TRUE,Exc
TTF1,1.18E-96,-0.359380611,-4.882488791,1.05E-06,TRUE,TRUE,Exc
MTF2,1.21E-96,-0.285101851,-5.679398632,1.35E-08,TRUE,TRUE,Exc
SUMF2,1.69E-95,-0.379670958,-6.811925661,9.63E-12,TRUE,TRUE,Exc
GPRASP1,1.95E-95,-0.345375118,-5.40023731,6.66E-08,TRUE,TRUE,Exc
ERP29,5.54E-95,-0.604446332,-6.789926233,1.12E-11,TRUE,TRUE,Exc
HEATR5B,5.96E-95,-0.262229235,-4.479688544,7.48E-06,TRUE,TRUE,Exc
NEGR1,7.70E-95,0.276908959,5.414941563,6.13E-08,TRUE,TRUE,Exc
TRMT10B,8.79E-95,-0.590437496,-6.266843449,3.68E-10,TRUE,TRUE,Exc
NHLRC3,8.79E-95,-0.432889168,-4.374662369,1.22E-05,TRUE,TRUE,Exc
C5orf45,1.57E-94,-0.322608738,-5.717068252,1.08E-08,TRUE,TRUE,Exc
ARL4A,2.33E-94,-0.41566298,-4.445080844,8.79E-06,TRUE,TRUE,Exc
GOPC,3.50E-94,-0.438384679,-4.877365223,1.08E-06,TRUE,TRUE,Exc
TPM3,3.64E-94,-0.251580834,-5.278596298,1.30E-07,TRUE,TRUE,Exc
HMGXB4,3.91E-94,-0.36583335,-6.109817373,9.97E-10,TRUE,TRUE,Exc
NDUFA8,9.68E-94,-0.371140595,-4.340355667,1.42E-05,TRUE,TRUE,Exc
RPAIN,1.05E-93,-0.316244148,-6.148319433,7.83E-10,TRUE,TRUE,Exc
SPDYE5,2.37E-93,-0.607051013,-4.713718487,2.43E-06,TRUE,TRUE,Exc
DCTN2,4.10E-93,-0.350472643,-5.085341165,3.67E-07,TRUE,TRUE,Exc
FNDC3B,1.42E-92,-0.318932955,-5.498137247,3.84E-08,TRUE,TRUE,Exc
HN1,2.81E-92,-0.376506808,-6.833376449,8.29E-12,TRUE,TRUE,Exc
TUBG2,3.03E-92,-0.30037449,-4.288329983,1.80E-05,TRUE,TRUE,Exc
TTC8,3.91E-92,-0.373789317,-6.226026648,4.78E-10,TRUE,TRUE,Exc
KRAS,7.09E-92,-0.342280771,-4.52762917,5.96E-06,TRUE,TRUE,Exc
PTPN14,8.75E-92,-0.356635462,-4.777737595,1.77E-06,TRUE,TRUE,Exc
TCEAL7,1.32E-91,-0.483740658,-5.669568498,1.43E-08,TRUE,TRUE,Exc
SFXN4,3.77E-91,-0.631788536,-6.352891577,2.11E-10,TRUE,TRUE,Exc
PLEKHB2,5.74E-91,-0.296474388,-4.327410372,1.51E-05,TRUE,TRUE,Exc
TAF7,9.17E-91,-0.472062583,-4.410780382,1.03E-05,TRUE,TRUE,Exc
ARPC1A,2.17E-90,-0.306161565,-5.306052171,1.12E-07,TRUE,TRUE,Exc
LAGE3,2.46E-90,-0.457421147,-5.587331444,2.31E-08,TRUE,TRUE,Exc
PCP4,2.83E-90,-0.647970976,-4.753256429,2.00E-06,TRUE,TRUE,Exc
S100A6,3.37E-90,-0.4451873,-4.364037657,1.28E-05,TRUE,TRUE,Exc
MPC2,5.79E-90,-0.361382275,-5.312146008,1.08E-07,TRUE,TRUE,Exc
NAE1,7.10E-90,-0.327854663,-4.705679239,2.53E-06,TRUE,TRUE,Exc
EXOC1,9.99E-90,-0.304287742,-6.035446573,1.59E-09,TRUE,TRUE,Exc
LGALS1,8.81E-89,-0.607026862,-4.949962266,7.42E-07,TRUE,TRUE,Exc
ACYP1,1.76E-88,-0.640128099,-6.585270169,4.54E-11,TRUE,TRUE,Exc
RANBP1,1.92E-88,-0.493880867,-6.384280387,1.72E-10,TRUE,TRUE,Exc
DCTN3,3.47E-88,-0.530514409,-4.832957024,1.35E-06,TRUE,TRUE,Exc
MECR,2.40E-87,-0.478800521,-7.354758368,1.91E-13,TRUE,TRUE,Exc
SGTB,3.43E-87,-0.307413071,-5.392276292,6.96E-08,TRUE,TRUE,Exc
MRPL51,4.86E-87,-0.612837179,-5.353358318,8.63E-08,TRUE,TRUE,Exc
FOXRED1,4.96E-87,-0.373952777,-5.413335264,6.19E-08,TRUE,TRUE,Exc
NPC1,4.83E-86,-0.376893496,-5.66477772,1.47E-08,TRUE,TRUE,Exc
CNOT10,1.08E-85,-0.308179894,-6.531352644,6.52E-11,TRUE,TRUE,Exc
NASP,1.60E-85,-0.360696495,-6.298476024,3.01E-10,TRUE,TRUE,Exc
MRPL20,1.83E-85,-0.447386518,-4.390299026,1.13E-05,TRUE,TRUE,Exc
MAGEF1,2.08E-85,-0.574949999,-8.325561399,8.39E-17,TRUE,TRUE,Exc
CCNYL1,3.18E-85,-0.4175233,-7.139496643,9.37E-13,TRUE,TRUE,Exc
PCSK1,4.48E-85,-0.556978438,-4.721000818,2.35E-06,TRUE,TRUE,Exc
TEFM,4.75E-85,-0.369422462,-4.801838373,1.57E-06,TRUE,TRUE,Exc
FAM162A,9.14E-85,-0.381862078,-4.973113891,6.59E-07,TRUE,TRUE,Exc
FARSB,2.27E-84,-0.302584342,-6.34704541,2.19E-10,TRUE,TRUE,Exc
SNRNP25,2.68E-84,-0.639047062,-6.567529066,5.12E-11,TRUE,TRUE,Exc
LCMT1,6.26E-84,-0.26194975,-5.037113825,4.73E-07,TRUE,TRUE,Exc
PDHA1,1.20E-83,-0.575442293,-8.451288217,2.88E-17,TRUE,TRUE,Exc
FIS1,7.73E-83,-0.484364679,-6.277503417,3.44E-10,TRUE,TRUE,Exc
TATDN3,1.06E-82,-0.386638416,-5.253536573,1.49E-07,TRUE,TRUE,Exc
PAAF1,2.43E-82,-0.465631441,-6.119443929,9.39E-10,TRUE,TRUE,Exc
C19orf66,3.43E-82,-0.36086999,-4.472780621,7.72E-06,TRUE,TRUE,Exc
TMEM175,5.07E-82,-0.26647,-5.481825186,4.21E-08,TRUE,TRUE,Exc
COPS8,5.72E-82,-0.396065651,-4.749529354,2.04E-06,TRUE,TRUE,Exc
NDUFA12,5.90E-82,-0.329233821,-4.72397909,2.31E-06,TRUE,TRUE,Exc
DPY30,6.67E-82,-0.288768185,-4.308465536,1.64E-05,TRUE,TRUE,Exc
PIK3C2A,2.61E-81,-0.266551083,-5.688755486,1.28E-08,TRUE,TRUE,Exc
MPPE1,7.04E-81,-0.400682783,-4.717748918,2.38E-06,TRUE,TRUE,Exc
VPS29,8.07E-81,-0.278000481,-4.665851756,3.07E-06,TRUE,TRUE,Exc
DLEU1,8.26E-81,-0.476159908,-5.705856677,1.16E-08,TRUE,TRUE,Exc
TCEAL6,8.94E-81,-0.535852007,-5.26121494,1.43E-07,TRUE,TRUE,Exc
TCF7L2,9.86E-81,-0.286847078,-4.338412465,1.44E-05,TRUE,TRUE,Exc
MRPS25,1.13E-80,-0.317711222,-5.005393604,5.57E-07,TRUE,TRUE,Exc
DNAJC18,1.21E-80,-0.375874816,-4.653265061,3.27E-06,TRUE,TRUE,Exc
KIF1BP,3.44E-80,-0.483295101,-5.622227023,1.89E-08,TRUE,TRUE,Exc
CFAP69,3.63E-80,-0.280481945,-4.849121545,1.24E-06,TRUE,TRUE,Exc
PPP1R2,5.42E-80,-0.339341207,-4.476960182,7.57E-06,TRUE,TRUE,Exc
EVA1C,7.75E-80,-0.374331581,-6.648134167,2.97E-11,TRUE,TRUE,Exc
NDUFS4,8.64E-80,-0.278575778,-6.485779814,8.83E-11,TRUE,TRUE,Exc
PTPDC1,1.09E-79,-0.338666458,-4.50174682,6.74E-06,TRUE,TRUE,Exc
NDUFB5,1.20E-79,-0.359169828,-5.710194965,1.13E-08,TRUE,TRUE,Exc
ARPC5L,1.23E-79,-0.361692351,-5.194290726,2.06E-07,TRUE,TRUE,Exc
NDUFA1,2.14E-79,-0.420509754,-4.442178487,8.91E-06,TRUE,TRUE,Exc
MEAF6,3.30E-79,-0.270454407,-4.382706212,1.17E-05,TRUE,TRUE,Exc
TCHP,3.32E-79,-0.563967938,-7.888226217,3.07E-15,TRUE,TRUE,Exc
TMEM223,4.49E-79,-0.662820716,-7.221591384,5.14E-13,TRUE,TRUE,Exc
MTMR9,5.75E-79,-0.292040792,-4.618337805,3.87E-06,TRUE,TRUE,Exc
UQCRHL,1.26E-78,-0.439601697,-5.099920725,3.40E-07,TRUE,TRUE,Exc
BORCS5,1.87E-78,-0.336545857,-6.085675094,1.16E-09,TRUE,TRUE,Exc
LYRM5,2.48E-78,-0.367515035,-4.713754754,2.43E-06,TRUE,TRUE,Exc
EXOG,2.55E-78,-0.346499964,-5.86247086,4.56E-09,TRUE,TRUE,Exc
PIGZ,1.43E-77,-0.375894136,-5.090989456,3.56E-07,TRUE,TRUE,Exc
FBF1,1.47E-77,-0.97815769,-7.923944186,2.30E-15,TRUE,TRUE,Exc
ATP8B1,3.08E-77,-0.29184765,-6.312562284,2.74E-10,TRUE,TRUE,Exc
MRPL57,3.60E-77,-0.529015086,-6.261860051,3.80E-10,TRUE,TRUE,Exc
PRKAG1,8.52E-77,-0.516202399,-9.199988279,3.58E-20,TRUE,TRUE,Exc
STX6,1.47E-76,-0.46358454,-7.571279053,3.70E-14,TRUE,TRUE,Exc
PIGL,2.42E-76,-0.253258174,-5.056800773,4.26E-07,TRUE,TRUE,Exc
MKKS,2.49E-76,-0.262112068,-4.889213262,1.01E-06,TRUE,TRUE,Exc
GTF2H3,7.85E-76,-0.452391723,-7.264645353,3.74E-13,TRUE,TRUE,Exc
ZNF611,8.80E-76,-0.36171206,-5.314860933,1.07E-07,TRUE,TRUE,Exc
RIC1,1.51E-75,-0.33846867,-4.721566143,2.34E-06,TRUE,TRUE,Exc
UFC1,1.63E-75,-0.4699791,-5.593128928,2.23E-08,TRUE,TRUE,Exc
MRPL55,1.64E-75,-0.428756509,-5.229329117,1.70E-07,TRUE,TRUE,Exc
MYO5C,2.08E-75,-0.283145683,-5.794725591,6.84E-09,TRUE,TRUE,Exc
EMC3,3.31E-75,-0.362614139,-5.307969715,1.11E-07,TRUE,TRUE,Exc
EAPP,3.74E-74,-0.262805161,-4.283135367,1.84E-05,TRUE,TRUE,Exc
C19orf70,4.56E-74,-0.482164445,-4.341336591,1.42E-05,TRUE,TRUE,Exc
NDUFB6,5.96E-74,-0.282706101,-4.756464257,1.97E-06,TRUE,TRUE,Exc
MTHFD1,8.27E-74,-0.342484543,-6.152437065,7.63E-10,TRUE,TRUE,Exc
CAPRIN2,8.82E-74,-0.301560885,-5.86707125,4.44E-09,TRUE,TRUE,Exc
RNH1,1.00E-73,-0.482387108,-5.609309849,2.03E-08,TRUE,TRUE,Exc
MIEN1,1.46E-73,-0.309726906,-5.979717312,2.24E-09,TRUE,TRUE,Exc
NEK9,2.07E-73,-0.317057836,-5.040215274,4.65E-07,TRUE,TRUE,Exc
BCAS2,2.20E-73,-0.429540943,-6.54142518,6.09E-11,TRUE,TRUE,Exc
POLR2K,1.04E-72,-0.312842514,-4.28500212,1.83E-05,TRUE,TRUE,Exc
AURKAIP1,1.24E-72,-0.37146173,-6.29455037,3.08E-10,TRUE,TRUE,Exc
POP7,2.26E-72,-0.611599716,-5.475142206,4.37E-08,TRUE,TRUE,Exc
CCNDBP1,5.95E-72,-0.306102933,-4.268684799,1.97E-05,TRUE,TRUE,Exc
HADHB,1.84E-71,-0.448716598,-5.993014115,2.06E-09,TRUE,TRUE,Exc
PRR13,2.70E-71,-0.555363215,-6.300068957,2.98E-10,TRUE,TRUE,Exc
SUCLG1,3.81E-71,-0.357257544,-5.159001607,2.48E-07,TRUE,TRUE,Exc
ENTPD3,1.02E-70,-0.416220878,-5.736323013,9.68E-09,TRUE,TRUE,Exc
DDX26B,1.24E-70,-0.425712036,-4.397593733,1.09E-05,TRUE,TRUE,Exc
PHB,2.46E-70,-0.519451062,-4.966734894,6.81E-07,TRUE,TRUE,Exc
AP000304.12,2.93E-70,-0.553082817,-5.219654467,1.79E-07,TRUE,TRUE,Exc
DUSP6,3.70E-70,-0.939323192,-5.198797722,2.01E-07,TRUE,TRUE,Exc
NECAP1,4.64E-70,-0.354021855,-4.410831916,1.03E-05,TRUE,TRUE,Exc
ANKUB1,7.72E-70,-0.53772918,-6.033696375,1.60E-09,TRUE,TRUE,Exc
ASAP2,8.83E-70,-0.270100557,-4.62412723,3.76E-06,TRUE,TRUE,Exc
CCZ1B,1.41E-69,-0.49782879,-4.580497579,4.64E-06,TRUE,TRUE,Exc
EIF3M,1.89E-69,-0.372512999,-4.589151348,4.45E-06,TRUE,TRUE,Exc
NBN,8.68E-69,-0.283757855,-4.890885542,1.00E-06,TRUE,TRUE,Exc
NDUFB9,9.31E-69,-0.46245307,-4.498221381,6.85E-06,TRUE,TRUE,Exc
FAM101A,1.21E-68,-0.299980845,-6.912623826,4.76E-12,TRUE,TRUE,Exc
PHYKPL,2.58E-68,-0.347924667,-4.742388085,2.11E-06,TRUE,TRUE,Exc
MRPS35,2.95E-68,-0.287918839,-4.803063386,1.56E-06,TRUE,TRUE,Exc
ORC3,2.96E-68,-0.272252442,-4.492973285,7.02E-06,TRUE,TRUE,Exc
EGR1,3.36E-68,-0.586885877,-4.466750662,7.94E-06,TRUE,TRUE,Exc
HUNK,5.39E-68,-0.289750574,-4.644815809,3.40E-06,TRUE,TRUE,Exc
RTCB,8.91E-68,-0.326412953,-4.368770539,1.25E-05,TRUE,TRUE,Exc
LSM3,2.04E-67,-0.379386911,-4.955931204,7.20E-07,TRUE,TRUE,Exc
MRPL18,2.26E-67,-0.350846226,-4.786445929,1.70E-06,TRUE,TRUE,Exc
TAF11,4.10E-67,-0.390491058,-5.597392391,2.18E-08,TRUE,TRUE,Exc
DHDDS,5.49E-67,-0.429565042,-5.298487034,1.17E-07,TRUE,TRUE,Exc
PRMT3,1.24E-66,-0.278570742,-6.085738348,1.16E-09,TRUE,TRUE,Exc
SLC25A5,2.08E-66,-0.464952602,-4.974228421,6.55E-07,TRUE,TRUE,Exc
CYP4X1,4.60E-66,-0.327928005,-5.532350893,3.16E-08,TRUE,TRUE,Exc
NCBP2-AS2,5.37E-66,-0.738802119,-6.59153195,4.35E-11,TRUE,TRUE,Exc
MRPL27,7.96E-66,-0.419660821,-4.863683478,1.15E-06,TRUE,TRUE,Exc
IQGAP1,1.38E-65,-0.292000922,-4.436449211,9.15E-06,TRUE,TRUE,Exc
ARSG,1.54E-65,-0.4280661,-6.502322106,7.91E-11,TRUE,TRUE,Exc
DDT,3.61E-65,-0.489256645,-5.777326148,7.59E-09,TRUE,TRUE,Exc
SEC61B,7.37E-65,-0.484362871,-4.57452217,4.77E-06,TRUE,TRUE,Exc
ENDOV,7.62E-65,-0.518909202,-4.735058765,2.19E-06,TRUE,TRUE,Exc
MPV17,8.97E-65,-0.345461696,-5.018324043,5.21E-07,TRUE,TRUE,Exc
RPP38,9.35E-65,-0.443641864,-6.032636388,1.61E-09,TRUE,TRUE,Exc
IFIT3,9.56E-65,-0.630240271,-4.606329963,4.10E-06,TRUE,TRUE,Exc
PARL,1.42E-64,-0.304602173,-5.747447104,9.06E-09,TRUE,TRUE,Exc
PSMB6,1.79E-64,-0.53436171,-4.536657255,5.72E-06,TRUE,TRUE,Exc
TMEM208,2.66E-64,-0.62627425,-6.234021929,4.55E-10,TRUE,TRUE,Exc
C6orf136,5.39E-64,-0.251755652,-5.309777276,1.10E-07,TRUE,TRUE,Exc
COPS7A,1.62E-63,-0.297045935,-4.607528625,4.07E-06,TRUE,TRUE,Exc
PDAP1,3.00E-63,-0.308028301,-5.809315619,6.27E-09,TRUE,TRUE,Exc
PLA2G4A,5.13E-63,-0.632761864,-4.381504731,1.18E-05,TRUE,TRUE,Exc
KIF9,6.30E-63,-0.44817908,-5.825952274,5.68E-09,TRUE,TRUE,Exc
LETMD1,7.76E-63,-0.273189841,-5.345054509,9.04E-08,TRUE,TRUE,Exc
FKBP1B,7.77E-63,-0.54221525,-4.551666925,5.32E-06,TRUE,TRUE,Exc
ZNF44,8.46E-63,-0.291841293,-4.808568002,1.52E-06,TRUE,TRUE,Exc
GCSH,1.59E-62,-0.658521084,-6.570281413,5.02E-11,TRUE,TRUE,Exc
CCS,1.73E-62,-0.485401261,-7.34706479,2.03E-13,TRUE,TRUE,Exc
EFCAB6,2.99E-62,-0.274710599,-4.818817072,1.44E-06,TRUE,TRUE,Exc
ASMTL,4.21E-62,-0.484030857,-4.699329323,2.61E-06,TRUE,TRUE,Exc
C17orf89,7.34E-62,-0.476307436,-4.404842111,1.06E-05,TRUE,TRUE,Exc
DYNLT1,8.39E-62,-0.490074624,-4.401215099,1.08E-05,TRUE,TRUE,Exc
ABRACL,2.23E-61,-0.643881908,-6.609499727,3.86E-11,TRUE,TRUE,Exc
IFT22,3.53E-61,-0.591435102,-7.663942068,1.80E-14,TRUE,TRUE,Exc
SNTG1,4.25E-61,0.334931106,5.058685534,4.22E-07,TRUE,TRUE,Exc
NEDD9,6.65E-61,-0.754217582,-5.026093212,5.01E-07,TRUE,TRUE,Exc
EID2B,2.50E-60,-0.454509215,-5.290346434,1.22E-07,TRUE,TRUE,Exc
RMND1,3.43E-60,-0.33188795,-5.739858239,9.48E-09,TRUE,TRUE,Exc
SCNM1,3.89E-60,-0.596648672,-7.929493265,2.20E-15,TRUE,TRUE,Exc
TCEAL8,4.20E-60,-0.356042662,-4.342239375,1.41E-05,TRUE,TRUE,Exc
WDR54,7.39E-60,-0.683887893,-4.436775854,9.13E-06,TRUE,TRUE,Exc
TSR2,1.26E-59,-0.449815909,-5.111195081,3.20E-07,TRUE,TRUE,Exc
ATAD2,1.62E-59,-0.301574609,-4.280664279,1.86E-05,TRUE,TRUE,Exc
BOLA3,2.06E-59,-0.509021576,-6.105540812,1.02E-09,TRUE,TRUE,Exc
DNAJC17,2.21E-59,-0.279007353,-5.812141086,6.17E-09,TRUE,TRUE,Exc
NR4A1,2.21E-59,-0.846327028,-4.78324896,1.72E-06,TRUE,TRUE,Exc
ZNF75A,2.28E-59,-0.272261501,-4.361258119,1.29E-05,TRUE,TRUE,Exc
SPTSSB,2.85E-59,-0.467377536,-6.405963779,1.49E-10,TRUE,TRUE,Exc
SYNC,1.66E-58,-0.410068185,-4.292289317,1.77E-05,TRUE,TRUE,Exc
EEF1B2,1.28E-57,-0.540070376,-6.131692459,8.69E-10,TRUE,TRUE,Exc
CTD-2369P2.10,1.33E-57,-0.800917783,-4.654806122,3.24E-06,TRUE,TRUE,Exc
IQCK,1.38E-57,-0.378135432,-6.550103592,5.75E-11,TRUE,TRUE,Exc
PTS,2.05E-57,-0.322342679,-4.746546311,2.07E-06,TRUE,TRUE,Exc
UFL1,3.59E-57,-0.294235267,-4.76523692,1.89E-06,TRUE,TRUE,Exc
LIN7B,3.72E-57,-0.361015178,-7.026476183,2.12E-12,TRUE,TRUE,Exc
EXOSC1,5.42E-57,-0.296708091,-4.757129882,1.96E-06,TRUE,TRUE,Exc
ARV1,1.07E-56,-0.402549657,-5.845984485,5.04E-09,TRUE,TRUE,Exc
MESDC2,1.27E-56,-0.465676361,-4.562180637,5.06E-06,TRUE,TRUE,Exc
PPIL3,1.35E-56,-0.570104636,-4.494535982,6.97E-06,TRUE,TRUE,Exc
DNAJC5G,1.81E-56,-0.439221373,-4.586492374,4.51E-06,TRUE,TRUE,Exc
RIPK1,2.08E-56,-0.337595851,-5.34854323,8.87E-08,TRUE,TRUE,Exc
DLD,3.63E-56,-0.328738866,-4.265779053,1.99E-05,TRUE,TRUE,Exc
PEX11B,4.17E-56,-0.560765636,-5.169911456,2.34E-07,TRUE,TRUE,Exc
CCBL2,4.32E-56,-0.41248932,-4.593217965,4.36E-06,TRUE,TRUE,Exc
IGBP1,5.26E-56,-0.266533872,-4.525379556,6.03E-06,TRUE,TRUE,Exc
AKR1E2,2.36E-55,-0.740535801,-4.461814071,8.13E-06,TRUE,TRUE,Exc
FAM98A,2.39E-55,-0.348488357,-5.37624247,7.61E-08,TRUE,TRUE,Exc
SSR2,2.86E-55,-0.409902212,-4.471646755,7.76E-06,TRUE,TRUE,Exc
CCNH,4.16E-55,-0.333959847,-4.53722913,5.70E-06,TRUE,TRUE,Exc
BLVRA,1.28E-54,-0.537085127,-5.212047918,1.87E-07,TRUE,TRUE,Exc
PSMA5,2.02E-54,-0.39984251,-4.656434211,3.22E-06,TRUE,TRUE,Exc
NUDT5,2.54E-54,-0.321176273,-4.467915225,7.90E-06,TRUE,TRUE,Exc
ZNF717,2.56E-54,-0.361978855,-5.070450274,3.97E-07,TRUE,TRUE,Exc
UST,4.66E-54,-0.534886881,-5.103186709,3.34E-07,TRUE,TRUE,Exc
MYO1E,5.63E-54,-0.843899476,-4.86279004,1.16E-06,TRUE,TRUE,Exc
SLC35B1,9.63E-54,-0.325073107,-4.528513293,5.94E-06,TRUE,TRUE,Exc
MRTO4,9.70E-54,-0.526760005,-7.488983603,6.94E-14,TRUE,TRUE,Exc
OXLD1,1.52E-53,-0.458927119,-4.977406045,6.44E-07,TRUE,TRUE,Exc
ATP5S,2.13E-53,-0.34789638,-5.584177902,2.35E-08,TRUE,TRUE,Exc
EIF2B1,3.23E-53,-0.346250142,-4.938529187,7.87E-07,TRUE,TRUE,Exc
GPCPD1,3.23E-53,-0.412137721,-5.290055287,1.22E-07,TRUE,TRUE,Exc
TUBGCP5,4.62E-53,-0.301234367,-5.62370799,1.87E-08,TRUE,TRUE,Exc
MRPL36,5.04E-53,-0.742659488,-5.815781826,6.04E-09,TRUE,TRUE,Exc
SORCS2,7.17E-53,-0.287511886,-4.779097697,1.76E-06,TRUE,TRUE,Exc
CYB5R1,8.52E-53,-0.588513465,-4.606199551,4.10E-06,TRUE,TRUE,Exc
MED29,9.53E-53,-0.30562575,-4.574879251,4.76E-06,TRUE,TRUE,Exc
HIPK4,1.14E-52,-0.805461706,-4.92507524,8.43E-07,TRUE,TRUE,Exc
DBF4B,4.00E-52,-0.382636906,-4.542347165,5.56E-06,TRUE,TRUE,Exc
LPCAT3,5.52E-52,-0.312124968,-4.314106843,1.60E-05,TRUE,TRUE,Exc
DMKN,8.51E-52,-0.709771377,-5.304619774,1.13E-07,TRUE,TRUE,Exc
RAB5A,1.11E-51,-0.265213948,-4.917287626,8.78E-07,TRUE,TRUE,Exc
ZNF790,1.61E-51,-0.567239349,-5.652814824,1.58E-08,TRUE,TRUE,Exc
NIT1,2.64E-51,-0.478613106,-6.561147258,5.34E-11,TRUE,TRUE,Exc
PDE6B,2.85E-51,-0.773225722,-6.557580464,5.47E-11,TRUE,TRUE,Exc
TRAPPC4,3.68E-51,-0.43650911,-5.827954619,5.61E-09,TRUE,TRUE,Exc
ZNF169,3.73E-51,-0.34774498,-6.36971248,1.89E-10,TRUE,TRUE,Exc
DZANK1,9.81E-51,-0.292551469,-4.461548385,8.14E-06,TRUE,TRUE,Exc
SLC35C2,1.34E-50,-0.340133881,-4.729429815,2.25E-06,TRUE,TRUE,Exc
NDUFS6,5.57E-50,-0.460185986,-4.799206515,1.59E-06,TRUE,TRUE,Exc
DNAJC30,6.04E-50,-0.621029451,-6.009539452,1.86E-09,TRUE,TRUE,Exc
ARHGEF10,7.80E-50,-0.378491575,-4.706487374,2.52E-06,TRUE,TRUE,Exc
XPC,9.99E-50,-0.347191027,-4.324912225,1.53E-05,TRUE,TRUE,Exc
GCLC,1.06E-49,-0.279514142,-5.135063372,2.82E-07,TRUE,TRUE,Exc
AKIP1,1.85E-49,-0.387819976,-5.866488332,4.45E-09,TRUE,TRUE,Exc
ZNF160,3.19E-49,-0.372798905,-4.417349564,9.99E-06,TRUE,TRUE,Exc
FASTKD2,4.98E-49,-0.45017663,-4.290000863,1.79E-05,TRUE,TRUE,Exc
IQCH,9.51E-49,-0.386460564,-4.731840946,2.22E-06,TRUE,TRUE,Exc
EMC2,1.04E-48,-0.348383098,-5.637365001,1.73E-08,TRUE,TRUE,Exc
QRSL1,3.05E-48,-0.438292177,-5.236839092,1.63E-07,TRUE,TRUE,Exc
ZNF593,1.11E-47,-0.727331942,-4.294556832,1.75E-05,TRUE,TRUE,Exc
POLR3K,1.35E-47,-0.490118087,-5.100962703,3.38E-07,TRUE,TRUE,Exc
FBLN7,2.04E-47,-0.474916989,-4.476781133,7.58E-06,TRUE,TRUE,Exc
MAGOH,2.41E-47,-0.360674079,-4.65854498,3.18E-06,TRUE,TRUE,Exc
ARL4D,2.81E-47,-0.539149069,-4.786814831,1.69E-06,TRUE,TRUE,Exc
EBNA1BP2,4.55E-47,-0.380831721,-4.926082582,8.39E-07,TRUE,TRUE,Exc
BCO1,5.77E-47,-0.773084322,-6.897263318,5.30E-12,TRUE,TRUE,Exc
MRPL9,8.77E-47,-0.309287618,-5.931071588,3.01E-09,TRUE,TRUE,Exc
SPAG7,1.15E-46,-0.465663802,-4.911991088,9.02E-07,TRUE,TRUE,Exc
LSM10,1.35E-46,-0.358170041,-4.329090747,1.50E-05,TRUE,TRUE,Exc
TRAPPC1,1.96E-46,-0.594130747,-4.536494748,5.72E-06,TRUE,TRUE,Exc
DUOX1,2.78E-46,-0.597666644,-4.393491556,1.12E-05,TRUE,TRUE,Exc
PDSS1,5.47E-46,-0.469540619,-6.242178739,4.32E-10,TRUE,TRUE,Exc
ELK1,5.89E-46,1.105650752,7.882602797,3.21E-15,TRUE,TRUE,Exc
MRPL43,7.90E-46,-0.390814939,-5.629355291,1.81E-08,TRUE,TRUE,Exc
NUBP1,9.06E-46,-0.434333921,-5.265049665,1.40E-07,TRUE,TRUE,Exc
SNUPN,1.88E-45,-0.464358913,-4.58675843,4.50E-06,TRUE,TRUE,Exc
GART,4.00E-45,-0.275901574,-4.488138176,7.18E-06,TRUE,TRUE,Exc
TXK,5.59E-45,-0.571128683,-4.697662599,2.63E-06,TRUE,TRUE,Exc
SF3B5,5.62E-45,-0.419978979,-4.674285922,2.95E-06,TRUE,TRUE,Exc
IMP4,5.99E-45,-0.355912265,-4.593822378,4.35E-06,TRUE,TRUE,Exc
LAMTOR2,6.07E-45,-0.550791233,-4.766088032,1.88E-06,TRUE,TRUE,Exc
IQCG,8.27E-45,-0.370209684,-4.574419071,4.78E-06,TRUE,TRUE,Exc
MRPL14,2.37E-44,-0.574975162,-5.36989605,7.88E-08,TRUE,TRUE,Exc
TRUB2,2.72E-44,-0.430164823,-4.365551648,1.27E-05,TRUE,TRUE,Exc
USE1,3.30E-44,-0.485827304,-4.990424481,6.02E-07,TRUE,TRUE,Exc
HSD11B1,6.52E-44,-1.058494518,-6.738033758,1.61E-11,TRUE,TRUE,Exc
TBC1D12,1.86E-43,-0.331651777,-4.308414042,1.64E-05,TRUE,TRUE,Exc
TIMM8B,2.74E-43,-0.52382395,-4.891915539,9.99E-07,TRUE,TRUE,Exc
MRPL22,2.95E-43,-0.398403256,-5.155003061,2.54E-07,TRUE,TRUE,Exc
GSS,3.21E-43,-0.323572196,-4.55058012,5.35E-06,TRUE,TRUE,Exc
HSPB3,4.34E-43,-0.998201589,-5.922166328,3.18E-09,TRUE,TRUE,Exc
MRPL15,4.88E-43,-0.282964566,-4.513720363,6.37E-06,TRUE,TRUE,Exc
PDZD11,6.74E-43,-0.751524262,-6.130868458,8.74E-10,TRUE,TRUE,Exc
SUPT4H1,1.56E-42,-0.437411188,-4.680162758,2.87E-06,TRUE,TRUE,Exc
RPUSD3,1.56E-42,-0.356991852,-4.403384754,1.07E-05,TRUE,TRUE,Exc
LSM2,2.35E-42,-0.56120867,-4.417594318,9.98E-06,TRUE,TRUE,Exc
CCDC115,5.60E-42,-0.327031284,-4.309850601,1.63E-05,TRUE,TRUE,Exc
AKR1A1,6.64E-42,-0.42779302,-4.769643704,1.85E-06,TRUE,TRUE,Exc
RPL26L1,8.98E-42,-0.562280275,-4.588923801,4.46E-06,TRUE,TRUE,Exc
TRNT1,1.15E-41,-0.388995563,-5.108677535,3.24E-07,TRUE,TRUE,Exc
MRRF,1.27E-41,-0.320088284,-4.968854842,6.73E-07,TRUE,TRUE,Exc
DPCD,1.30E-41,-0.483335491,-4.482709996,7.37E-06,TRUE,TRUE,Exc
POLR3F,1.45E-41,-0.332677054,-4.567411939,4.94E-06,TRUE,TRUE,Exc
KCNK4,2.82E-41,-0.392601207,-4.677836824,2.90E-06,TRUE,TRUE,Exc
AP4M1,9.12E-41,-0.527089723,-4.90202293,9.49E-07,TRUE,TRUE,Exc
NUDT2,9.12E-41,-0.444420353,-4.4084879,1.04E-05,TRUE,TRUE,Exc
PEBP4,2.78E-40,-0.353738404,-5.004132435,5.61E-07,TRUE,TRUE,Exc
UEVLD,3.75E-40,-0.424136824,-5.330034236,9.82E-08,TRUE,TRUE,Exc
MRPL24,3.91E-40,-0.602086135,-6.061647633,1.35E-09,TRUE,TRUE,Exc
C6orf203,4.18E-40,-0.311773939,-4.354621745,1.33E-05,TRUE,TRUE,Exc
SCRN2,6.21E-40,-0.490242923,-5.097652485,3.44E-07,TRUE,TRUE,Exc
PPIH,7.48E-40,-0.501965219,-5.594573605,2.21E-08,TRUE,TRUE,Exc
BCKDK,1.05E-39,-0.437870608,-5.877769012,4.16E-09,TRUE,TRUE,Exc
POP5,1.56E-39,-0.595791376,-4.365055094,1.27E-05,TRUE,TRUE,Exc
PTRH1,2.48E-39,-0.570443975,-4.33612363,1.45E-05,TRUE,TRUE,Exc
NOP10,6.43E-39,-0.404894069,-4.927359788,8.33E-07,TRUE,TRUE,Exc
RITA1,7.03E-39,-0.333217825,-4.606179532,4.10E-06,TRUE,TRUE,Exc
ATIC,9.28E-39,-0.254030748,-4.782210858,1.73E-06,TRUE,TRUE,Exc
ACP2,3.38E-38,-0.448360796,-5.204161736,1.95E-07,TRUE,TRUE,Exc
AP1S2,4.67E-38,-0.358709851,-4.367763525,1.26E-05,TRUE,TRUE,Exc
FUCA2,6.22E-38,-0.60526493,-5.570809001,2.54E-08,TRUE,TRUE,Exc
FLRT2,1.26E-37,0.435170554,6.29590987,3.06E-10,TRUE,TRUE,Exc
NTMT1,7.47E-37,-0.495333357,-4.715091942,2.42E-06,TRUE,TRUE,Exc
TBP,1.13E-36,-0.26096001,-4.377241246,1.20E-05,TRUE,TRUE,Exc
PLD1,1.29E-36,-0.325330835,-4.434071189,9.25E-06,TRUE,TRUE,Exc
EAF2,1.66E-36,-0.345247953,-4.990547134,6.02E-07,TRUE,TRUE,Exc
FAHD2B,2.35E-36,-0.259649178,-4.368363991,1.25E-05,TRUE,TRUE,Exc
GATAD1,4.05E-36,-0.360582391,-5.561250513,2.68E-08,TRUE,TRUE,Exc
ZNF226,8.04E-36,-0.418192886,-4.854305152,1.21E-06,TRUE,TRUE,Exc
CCDC47,8.05E-36,-0.485325294,-4.992662887,5.96E-07,TRUE,TRUE,Exc
NSMCE1,9.62E-36,-0.476758312,-5.020465408,5.15E-07,TRUE,TRUE,Exc
ADGRL3,2.64E-35,0.263335257,5.175659703,2.27E-07,TRUE,TRUE,Exc
MRPS12,3.40E-35,-0.445061415,-4.852176714,1.22E-06,TRUE,TRUE,Exc
SLC25A45,4.11E-35,-0.627547213,-8.884694744,6.41E-19,TRUE,TRUE,Exc
NIF3L1,6.08E-35,-0.524425271,-4.273025212,1.93E-05,TRUE,TRUE,Exc
HNRNPU,8.08E-35,-0.324269511,-4.454370387,8.41E-06,TRUE,TRUE,Exc
LURAP1,9.37E-35,-0.461611376,-5.222669741,1.76E-07,TRUE,TRUE,Exc
ITM2A,4.58E-34,-0.717640374,-5.601538284,2.12E-08,TRUE,TRUE,Exc
TGFB1,4.68E-34,-0.474406586,-4.283873666,1.84E-05,TRUE,TRUE,Exc
GGH,7.77E-34,-0.308088217,-4.418869104,9.92E-06,TRUE,TRUE,Exc
HDDC3,7.91E-34,-0.421666987,-4.916048102,8.83E-07,TRUE,TRUE,Exc
CHAC2,2.48E-33,-0.712237009,-4.361046043,1.29E-05,TRUE,TRUE,Exc
PHLDB2,3.21E-33,-0.720104474,-5.181321305,2.20E-07,TRUE,TRUE,Exc
HMGN4,3.79E-33,-0.602378037,-5.189824279,2.10E-07,TRUE,TRUE,Exc
ENDOG,6.30E-33,-0.637695849,-5.49078093,4.00E-08,TRUE,TRUE,Exc
CAMK2B,7.62E-33,0.35315004,5.835072081,5.38E-09,TRUE,TRUE,Exc
QTRTD1,1.07E-32,-0.331122465,-4.812983488,1.49E-06,TRUE,TRUE,Exc
POP1,1.15E-32,-0.268843615,-4.370296845,1.24E-05,TRUE,TRUE,Exc
SDHAF3,1.47E-32,-0.611453316,-5.090326548,3.57E-07,TRUE,TRUE,Exc
ZFAND2A,2.40E-32,-0.372163263,-4.422327432,9.76E-06,TRUE,TRUE,Exc
GADD45A,2.91E-32,-0.628865067,-5.544839518,2.94E-08,TRUE,TRUE,Exc
PRDM5,6.39E-32,-0.321204559,-5.077929406,3.82E-07,TRUE,TRUE,Exc
TIMM10,7.35E-32,-0.779173255,-4.660669845,3.15E-06,TRUE,TRUE,Exc
GPANK1,1.05E-31,-0.573577977,-4.288299472,1.80E-05,TRUE,TRUE,Exc
HLA-DQB1,1.08E-31,-0.817052679,-244.9558075,0,TRUE,TRUE,Exc
PRNP,6.01E-31,0.285370791,6.369335613,1.90E-10,TRUE,TRUE,Exc
MED11,6.98E-31,-0.70301474,-5.241572546,1.59E-07,TRUE,TRUE,Exc
IL1RL2,2.04E-30,-0.55509624,-6.058137057,1.38E-09,TRUE,TRUE,Exc
CLDN16,4.33E-30,-0.623611106,-5.362520195,8.21E-08,TRUE,TRUE,Exc
RIN3,4.99E-30,-0.401896348,-4.339045344,1.43E-05,TRUE,TRUE,Exc
NANS,1.16E-29,-0.437753918,-4.43815763,9.07E-06,TRUE,TRUE,Exc
LRRC39,1.99E-29,-0.516932036,-4.371551288,1.23E-05,TRUE,TRUE,Exc
RDH11,2.54E-29,-0.654401286,-5.302065006,1.15E-07,TRUE,TRUE,Exc
RPP25L,4.36E-29,-0.520487604,-5.976429196,2.28E-09,TRUE,TRUE,Exc
WDYHV1,4.76E-29,-0.580211917,-5.537933827,3.06E-08,TRUE,TRUE,Exc
AMT,7.56E-29,-0.441672376,-4.58005355,4.65E-06,TRUE,TRUE,Exc
GPATCH4,4.58E-28,-0.379822952,-4.475277628,7.63E-06,TRUE,TRUE,Exc
DUS3L,1.41E-27,-0.697597628,-5.795575772,6.81E-09,TRUE,TRUE,Exc
LRRC29,1.75E-27,-0.26936793,-4.887556201,1.02E-06,TRUE,TRUE,Exc
NPM3,2.57E-27,-0.607935732,-4.724153604,2.31E-06,TRUE,TRUE,Exc
TBCCD1,3.71E-27,-0.559930225,-5.064486638,4.10E-07,TRUE,TRUE,Exc
TAF9B,5.96E-27,-0.609994239,-4.473469034,7.70E-06,TRUE,TRUE,Exc
ICT1,2.09E-26,-0.275740522,-4.585177671,4.54E-06,TRUE,TRUE,Exc
TAC4,3.85E-26,-0.551724485,-5.083030607,3.71E-07,TRUE,TRUE,Exc
LSM8,1.18E-25,-0.427551137,-4.590613497,4.42E-06,TRUE,TRUE,Exc
SCUBE3,1.86E-25,-0.772726405,-5.300390739,1.16E-07,TRUE,TRUE,Exc
CD3EAP,2.17E-25,-0.885019395,-5.22060484,1.78E-07,TRUE,TRUE,Exc
TCTEX1D1,8.94E-25,-0.64947547,-5.590060825,2.27E-08,TRUE,TRUE,Exc
ZNF684,3.32E-24,-0.386011134,-4.272678141,1.93E-05,TRUE,TRUE,Exc
COL9A3,3.91E-24,-0.720475559,-5.745765988,9.15E-09,TRUE,TRUE,Exc
ADHFE1,4.80E-24,-0.559444611,-6.484257515,8.92E-11,TRUE,TRUE,Exc
EPHX2,9.01E-24,-1.031373028,-6.635425992,3.24E-11,TRUE,TRUE,Exc
BOLA1,9.64E-23,-0.638845115,-4.454214617,8.42E-06,TRUE,TRUE,Exc
C1orf54,1.12E-22,-0.542912751,-5.078681362,3.80E-07,TRUE,TRUE,Exc
AC004381.6,1.16E-22,-0.636551886,-4.328432253,1.50E-05,TRUE,TRUE,Exc
TNFRSF18,2.06E-21,-0.897851332,-5.096728232,3.46E-07,TRUE,TRUE,Exc
NKPD1,7.08E-21,-0.675777532,-4.93393998,8.06E-07,TRUE,TRUE,Exc
DSCC1,1.59E-20,-0.5239397,-4.647918211,3.35E-06,TRUE,TRUE,Exc
COA4,1.68E-20,-0.693175623,-4.846211631,1.26E-06,TRUE,TRUE,Exc
NCAM2,1.90E-20,0.300155004,4.930899649,8.19E-07,TRUE,TRUE,Exc
GYG2,7.13E-20,-0.503749384,-4.649747115,3.32E-06,TRUE,TRUE,Exc
HMBS,1.97E-19,-0.50339152,-4.791743443,1.65E-06,TRUE,TRUE,Exc
MSRB1,2.33E-19,-0.480587394,-4.801150914,1.58E-06,TRUE,TRUE,Exc
SST,6.22E-19,-0.399920665,-6.282382243,3.33E-10,TRUE,TRUE,Exc
CHCHD5,1.03E-18,-0.717824784,-4.302317972,1.69E-05,TRUE,TRUE,Exc
REEP2,3.45E-18,0.275653275,4.543314486,5.54E-06,TRUE,TRUE,Exc
RHOV,4.86E-18,-0.384670809,-4.544958445,5.49E-06,TRUE,TRUE,Exc
PISD,6.36E-18,0.276973151,6.957160938,3.47E-12,TRUE,TRUE,Exc
SPAG8,1.79E-17,-0.690484729,-4.728916368,2.26E-06,TRUE,TRUE,Exc
SLC17A7,2.29E-17,0.380620884,4.754129579,1.99E-06,TRUE,TRUE,Exc
CRTC1,2.39E-17,0.25427739,5.409105143,6.33E-08,TRUE,TRUE,Exc
CBY3,4.71E-17,-0.956431003,-4.914826448,8.89E-07,TRUE,TRUE,Exc
PI4KB,1.17E-16,0.281442911,4.94745479,7.52E-07,TRUE,TRUE,Exc
NEURL2,2.15E-16,-0.798783645,-4.419687432,9.88E-06,TRUE,TRUE,Exc
NPDC1,2.50E-16,-0.61386751,-5.434177848,5.50E-08,TRUE,TRUE,Exc
LRRN2,9.01E-16,0.29495153,5.21512869,1.84E-07,TRUE,TRUE,Exc
CHD5,1.07E-15,0.484898909,9.291461774,1.52E-20,TRUE,TRUE,Exc
RBP5,3.69E-15,-1.140056577,-4.806111849,1.54E-06,TRUE,TRUE,Exc
TCF7L1,7.48E-15,-0.556213395,-4.492775488,7.03E-06,TRUE,TRUE,Exc
MSLNL,8.46E-15,-1.18154595,-5.262952787,1.42E-07,TRUE,TRUE,Exc
ZFP37,1.24E-14,-1.090959987,-5.904367645,3.54E-09,TRUE,TRUE,Exc
TPD52L2,1.67E-14,0.33063147,4.560560392,5.10E-06,TRUE,TRUE,Exc
GOLGA3,4.82E-14,0.26228663,5.754260295,8.70E-09,TRUE,TRUE,Exc
SH3YL1,4.83E-14,0.31484437,4.414817673,1.01E-05,TRUE,TRUE,Exc
IDS,1.03E-13,0.260422585,7.509661936,5.93E-14,TRUE,TRUE,Exc
APBB1,2.55E-13,0.255684534,4.387861786,1.14E-05,TRUE,TRUE,Exc
ATG13,3.26E-13,0.328480296,4.272132741,1.94E-05,TRUE,TRUE,Exc
YPEL1,3.67E-13,0.283588305,5.061125516,4.17E-07,TRUE,TRUE,Exc
MAF1,1.64E-12,0.30885364,5.417143182,6.06E-08,TRUE,TRUE,Exc
KCTD17,2.10E-12,0.318640839,4.367725036,1.26E-05,TRUE,TRUE,Exc
CLDN12,4.15E-12,0.341498523,6.473503826,9.58E-11,TRUE,TRUE,Exc
ARPP21,4.55E-12,0.251446371,5.553032269,2.81E-08,TRUE,TRUE,Exc
PALM,5.06E-12,0.263286694,4.707788268,2.50E-06,TRUE,TRUE,Exc
IP6K1,8.99E-12,0.324826458,7.065192841,1.60E-12,TRUE,TRUE,Exc
TMEM259,1.21E-11,0.342553163,4.317184432,1.58E-05,TRUE,TRUE,Exc
GRIK5,1.43E-11,0.353169565,4.534865548,5.76E-06,TRUE,TRUE,Exc
MBOAT7,2.42E-11,0.290898618,5.23259873,1.67E-07,TRUE,TRUE,Exc
IL18,3.20E-11,-0.995472747,-4.37674777,1.20E-05,TRUE,TRUE,Exc
TOPORS,6.78E-11,0.356480999,5.10521698,3.30E-07,TRUE,TRUE,Exc
CPSF3L,7.53E-11,0.353578889,5.448599642,5.08E-08,TRUE,TRUE,Exc
BHLHB9,8.05E-11,0.262820145,4.639660219,3.49E-06,TRUE,TRUE,Exc
HRH3,9.10E-11,1.094842435,7.747039373,9.41E-15,TRUE,TRUE,Exc
SESN3,1.96E-10,0.259494669,4.783954989,1.72E-06,TRUE,TRUE,Exc
MLLT6,2.69E-10,0.256758314,5.016386918,5.27E-07,TRUE,TRUE,Exc
SSBP4,3.94E-10,0.423760278,4.439665238,9.01E-06,TRUE,TRUE,Exc
PTPRN,5.25E-10,0.27572879,4.503133426,6.70E-06,TRUE,TRUE,Exc
POLG,7.18E-10,0.291412939,4.500937864,6.77E-06,TRUE,TRUE,Exc
AK9,8.22E-10,0.268536702,4.306164825,1.66E-05,TRUE,TRUE,Exc
RTN2,1.25E-09,0.320077372,5.046259019,4.51E-07,TRUE,TRUE,Exc
FBXO41,1.60E-09,0.295240096,5.334490104,9.58E-08,TRUE,TRUE,Exc
PPP2R4,1.88E-09,0.310025981,4.903976893,9.39E-07,TRUE,TRUE,Exc
SPEN,2.05E-09,0.29009268,6.430523516,1.27E-10,TRUE,TRUE,Exc
LETM1,2.12E-09,0.355645899,4.809136963,1.52E-06,TRUE,TRUE,Exc
TMBIM6,3.01E-09,0.273567568,4.611483969,4.00E-06,TRUE,TRUE,Exc
PNPLA6,3.45E-09,0.316759718,5.671416162,1.42E-08,TRUE,TRUE,Exc
EEF1A2,3.78E-09,0.744159865,7.166319999,7.70E-13,TRUE,TRUE,Exc
ACIN1,4.29E-09,0.279747795,7.813461577,5.56E-15,TRUE,TRUE,Exc
AUP1,4.93E-09,0.319966871,4.96156283,6.99E-07,TRUE,TRUE,Exc
HIPK1,5.46E-09,0.319989207,5.880436358,4.09E-09,TRUE,TRUE,Exc
MAP1S,6.11E-09,0.270471581,4.33721762,1.44E-05,TRUE,TRUE,Exc
SMG5,6.26E-09,0.316046668,6.78279602,1.18E-11,TRUE,TRUE,Exc
PLEC,6.93E-09,0.293418417,4.821322589,1.43E-06,TRUE,TRUE,Exc
TNK2,9.07E-09,0.258139692,6.201444726,5.59E-10,TRUE,TRUE,Exc
CLIP2,1.22E-08,0.296534465,5.265382726,1.40E-07,TRUE,TRUE,Exc
ADAMTS10,1.28E-08,0.323057007,6.55687643,5.49E-11,TRUE,TRUE,Exc
SEMA6B,1.36E-08,0.302691712,4.54518495,5.49E-06,TRUE,TRUE,Exc
C5orf30,1.76E-08,0.408673106,5.617197832,1.94E-08,TRUE,TRUE,Exc
EPHB6,3.47E-08,0.295823068,5.062975501,4.13E-07,TRUE,TRUE,Exc
KNDC1,4.16E-08,0.30612413,4.663322145,3.11E-06,TRUE,TRUE,Exc
MAP2K7,4.22E-08,0.299173155,4.714325221,2.43E-06,TRUE,TRUE,Exc
FASTK,4.38E-08,0.344580488,5.070270941,3.97E-07,TRUE,TRUE,Exc
ZNF273,4.49E-08,0.268156144,7.189419931,6.51E-13,TRUE,TRUE,Exc
APOBEC4,5.14E-08,-1.120519385,-4.597000868,4.29E-06,TRUE,TRUE,Exc
GFAP,6.11E-08,1.302731146,4.890370476,1.01E-06,TRUE,TRUE,Exc
CACNB3,6.50E-08,0.279225458,4.878076205,1.07E-06,TRUE,TRUE,Exc
DVL1,7.49E-08,0.314980869,4.572149254,4.83E-06,TRUE,TRUE,Exc
KMT2B,8.05E-08,0.282768715,4.486320575,7.25E-06,TRUE,TRUE,Exc
NLGN3,9.33E-08,0.275982119,4.371612014,1.23E-05,TRUE,TRUE,Exc
PRRC2C,1.31E-07,0.35881542,5.469037092,4.52E-08,TRUE,TRUE,Exc
MTRNR2L3,1.31E-07,1.546582233,6.445805494,1.15E-10,TRUE,TRUE,Exc
GNA11,1.34E-07,0.434236035,4.467370137,7.92E-06,TRUE,TRUE,Exc
CARM1,1.52E-07,0.399056063,6.000705238,1.96E-09,TRUE,TRUE,Exc
IFT140,1.64E-07,0.279334107,5.332270079,9.70E-08,TRUE,TRUE,Exc
WSCD2,3.48E-07,0.415385451,5.223355266,1.76E-07,TRUE,TRUE,Exc
FBXL3,3.66E-07,0.423365537,5.376601567,7.59E-08,TRUE,TRUE,Exc
LRRC4B,4.85E-07,0.272004274,5.508377519,3.62E-08,TRUE,TRUE,Exc
ZNF91,5.36E-07,0.424825194,4.291468462,1.77E-05,TRUE,TRUE,Exc
ADAMTS2,6.68E-07,0.745047263,7.136730087,9.56E-13,TRUE,TRUE,Exc
LRCH2,8.34E-07,0.265704165,4.370407747,1.24E-05,TRUE,TRUE,Exc
SH3GL1,1.05E-06,0.376396988,7.288179452,3.14E-13,TRUE,TRUE,Exc
RASD2,1.11E-06,0.778207296,8.490955957,2.05E-17,TRUE,TRUE,Exc
GPR137,1.14E-06,0.306093253,5.322712306,1.02E-07,TRUE,TRUE,Exc
TMEM145,1.24E-06,0.288720464,6.813304592,9.54E-12,TRUE,TRUE,Exc
LRP3,1.44E-06,0.4011372,4.956664582,7.17E-07,TRUE,TRUE,Exc
SPTB,1.57E-06,0.409093032,4.307105463,1.65E-05,TRUE,TRUE,Exc
SHC2,2.30E-06,0.371423484,4.339404234,1.43E-05,TRUE,TRUE,Exc
STK11,2.38E-06,0.421124344,4.767727684,1.86E-06,TRUE,TRUE,Exc
RNF208,2.56E-06,0.274016409,4.378171437,1.20E-05,TRUE,TRUE,Exc
ST6GALNAC6,3.72E-06,0.396145948,6.246206353,4.21E-10,TRUE,TRUE,Exc
ABHD13,5.14E-06,0.350006037,4.452422736,8.49E-06,TRUE,TRUE,Exc
NCS1,7.79E-06,0.290585994,5.257785671,1.46E-07,TRUE,TRUE,Exc
JUND,8.42E-06,0.525877211,8.121093909,4.62E-16,TRUE,TRUE,Exc
RP11-977G19.10,9.07E-06,0.303094248,4.949724802,7.43E-07,TRUE,TRUE,Exc
ZDHHC8,1.00E-05,0.387602423,4.901984424,9.49E-07,TRUE,TRUE,Exc
RBM14-RBM4,1.13E-05,0.343791202,5.352584152,8.67E-08,TRUE,TRUE,Exc
IL34,1.17E-05,0.404515342,5.235736128,1.64E-07,TRUE,TRUE,Exc
AMIGO1,1.33E-05,0.301950599,5.616244056,1.95E-08,TRUE,TRUE,Exc
FAM171B,1.43E-05,0.262074646,9.100126402,9.02E-20,TRUE,TRUE,Exc
UNKL,1.54E-05,0.366357938,5.453789668,4.93E-08,TRUE,TRUE,Exc
FBRS,1.79E-05,0.328427876,4.385705121,1.16E-05,TRUE,TRUE,Exc
ARFGAP1,1.86E-05,0.399189615,4.691397752,2.71E-06,TRUE,TRUE,Exc
MAP2K2,2.10E-05,0.39337055,5.662614083,1.49E-08,TRUE,TRUE,Exc
FBRSL1,2.14E-05,0.399421964,4.341532955,1.41E-05,TRUE,TRUE,Exc
FZR1,2.36E-05,0.366813508,4.473967005,7.68E-06,TRUE,TRUE,Exc
TTC33,2.43E-05,0.310566924,5.982806211,2.19E-09,TRUE,TRUE,Exc
KIFC3,2.44E-05,0.35346319,4.342979343,1.41E-05,TRUE,TRUE,Exc
KIF3C,2.55E-05,0.327833048,7.013511305,2.32E-12,TRUE,TRUE,Exc
USF2,2.70E-05,0.419916685,5.556250452,2.76E-08,TRUE,TRUE,Exc
LMTK3,2.72E-05,0.349105607,5.306690065,1.12E-07,TRUE,TRUE,Exc
WDR82,3.40E-05,0.26116458,6.94162537,3.88E-12,TRUE,TRUE,Exc
KIFC2,3.45E-05,0.43983441,4.832846397,1.35E-06,TRUE,TRUE,Exc
CLCN7,3.55E-05,0.429211159,6.232724228,4.58E-10,TRUE,TRUE,Exc
CXXC1,3.63E-05,0.254181992,5.125243559,2.97E-07,TRUE,TRUE,Exc
TSC22D3,4.26E-05,0.436964192,5.926138732,3.10E-09,TRUE,TRUE,Exc
GOLGA7B,4.34E-05,0.404941925,4.837004936,1.32E-06,TRUE,TRUE,Exc
PER1,4.63E-05,0.385292497,4.279042651,1.88E-05,TRUE,TRUE,Exc
CSNK1G2,4.88E-05,0.403298605,4.547726317,5.42E-06,TRUE,TRUE,Exc
DPP7,5.17E-05,0.471381047,5.218400768,1.80E-07,TRUE,TRUE,Exc
PIP5K1C,5.41E-05,0.347693358,6.077101863,1.22E-09,TRUE,TRUE,Exc
EFNB3,5.50E-05,0.372016589,4.478605177,7.51E-06,TRUE,TRUE,Exc
IRF2BP2,5.83E-05,0.285349945,4.790197309,1.67E-06,TRUE,TRUE,Exc
SPATA2,5.96E-05,0.265174921,5.986378589,2.15E-09,TRUE,TRUE,Exc
MAF,6.07E-05,0.56555288,4.3731289,1.22E-05,TRUE,TRUE,Exc
GTF3C1,6.09E-05,0.394913193,6.689754805,2.24E-11,TRUE,TRUE,Exc
ZC3H7B,7.24E-05,0.499852188,6.441458824,1.18E-10,TRUE,TRUE,Exc
NXN,8.57E-05,0.296320555,4.615735329,3.92E-06,TRUE,TRUE,Exc
CPEB2,8.73E-05,0.439882797,4.47652706,7.59E-06,TRUE,TRUE,Exc
BTBD2,9.41E-05,0.371578223,5.322175964,1.03E-07,TRUE,TRUE,Exc
ACAP3,0.000125894,0.46493829,7.278619843,3.37E-13,TRUE,TRUE,Exc
RFNG,0.000171712,0.426034704,4.745646569,2.08E-06,TRUE,TRUE,Exc
ELMSAN1,0.00018551,0.316469638,5.271683188,1.35E-07,TRUE,TRUE,Exc
SYN1,0.00018826,0.400944512,5.592686331,2.24E-08,TRUE,TRUE,Exc
CERS5,0.000223464,0.421646345,6.374053374,1.84E-10,TRUE,TRUE,Exc
H2AFX,0.000267945,0.269217404,4.563750552,5.02E-06,TRUE,TRUE,Exc
PSD,0.000329107,0.468796773,5.632120776,1.78E-08,TRUE,TRUE,Exc
SCRT1,0.000330531,0.339725775,4.799310801,1.59E-06,TRUE,TRUE,Exc
FNIP2,0.000342911,0.319646101,5.718800623,1.07E-08,TRUE,TRUE,Exc
GIGYF1,0.000391874,0.411970276,5.432047181,5.57E-08,TRUE,TRUE,Exc
AC006538.4,0.000495178,1.264677658,6.645135743,3.03E-11,TRUE,TRUE,Exc
CLUH,0.000497126,0.487966043,5.242742279,1.58E-07,TRUE,TRUE,Exc
CIC,0.000582488,0.394779833,4.319694951,1.56E-05,TRUE,TRUE,Exc
CELF5,0.000592677,0.369374445,5.507651422,3.64E-08,TRUE,TRUE,Exc
DUSP8,0.000677071,0.77889647,11.32993107,9.33E-30,TRUE,TRUE,Exc
FAM131B,0.000778095,0.461479196,5.880931314,4.08E-09,TRUE,TRUE,Exc
LZTS2,0.000814881,0.284181007,4.374751055,1.22E-05,TRUE,TRUE,Exc
SNPH,0.000815955,0.651172823,10.83113106,2.45E-27,TRUE,TRUE,Exc
RABL6,0.000843947,0.413947671,7.409679883,1.27E-13,TRUE,TRUE,Exc
CASKIN1,0.0009081,0.532013339,5.80345566,6.50E-09,TRUE,TRUE,Exc
GPRIN1,0.000945384,0.285798837,4.57142043,4.84E-06,TRUE,TRUE,Exc
IRS1,0.000995622,0.445643381,6.161867676,7.19E-10,TRUE,TRUE,Exc
C11orf68,0.001038248,0.496822153,6.302044833,2.94E-10,TRUE,TRUE,Exc
RTN4RL2,0.001073904,0.321965247,4.565084048,4.99E-06,TRUE,TRUE,Exc
PPFIA3,0.00114292,0.452845771,9.391002564,5.94E-21,TRUE,TRUE,Exc
QRICH2,0.001301424,0.524033637,5.4709506,4.48E-08,TRUE,TRUE,Exc
SUN2,0.00143403,0.428412916,4.537652689,5.69E-06,TRUE,TRUE,Exc
FBXL14,0.001448431,0.363993563,5.485580252,4.12E-08,TRUE,TRUE,Exc
TMCC2,0.001474531,0.344573368,6.005924779,1.90E-09,TRUE,TRUE,Exc
LRFN1,0.001511799,0.292665574,4.992794202,5.95E-07,TRUE,TRUE,Exc
MGAT3,0.001658869,0.444517884,7.113725788,1.13E-12,TRUE,TRUE,Exc
BIN1,0.001921895,0.299170291,6.494261531,8.34E-11,TRUE,TRUE,Exc
H2AFV,0.001928514,0.323096672,7.342764563,2.09E-13,TRUE,TRUE,Exc
SRSF6,0.002392758,0.448758809,4.414394304,1.01E-05,TRUE,TRUE,Exc
ADRBK1,0.002476911,0.271159199,6.234046552,4.55E-10,TRUE,TRUE,Exc
LMO3,0.002615678,0.252993942,4.66948698,3.02E-06,TRUE,TRUE,Exc
LIN7C,0.002623727,0.374268404,6.440286259,1.19E-10,TRUE,TRUE,Exc
SETD1A,0.003421413,0.276282931,4.613572247,3.96E-06,TRUE,TRUE,Exc
KCNK12,0.003604904,0.408269205,6.648758657,2.96E-11,TRUE,TRUE,Exc
CDK16,0.00401269,0.475271125,6.051351308,1.44E-09,TRUE,TRUE,Exc
MLST8,0.004416909,0.51288665,4.827247579,1.38E-06,TRUE,TRUE,Exc
PIAS4,0.004570017,0.50151773,5.409912407,6.31E-08,TRUE,TRUE,Exc
CELSR3,0.004936007,0.451738801,4.541888779,5.58E-06,TRUE,TRUE,Exc
DRD1,0.005250929,0.836577878,7.459812855,8.66E-14,TRUE,TRUE,Exc
MT2A,0.005478473,0.693412604,6.158998717,7.32E-10,TRUE,TRUE,Exc
MTSS1L,0.006437475,0.262487693,5.123446012,3.00E-07,TRUE,TRUE,Exc
TNFRSF25,0.007630976,0.388009135,4.637331966,3.53E-06,TRUE,TRUE,Exc
RP11-618P17.4,0.008239413,0.400463245,4.307533887,1.65E-05,TRUE,TRUE,Exc
FZD1,0.008869463,0.844691706,4.687223845,2.77E-06,TRUE,TRUE,Exc
PDZD4,0.009460903,0.64452815,8.728511206,2.58E-18,TRUE,TRUE,Exc
BCAR1,0.009861804,0.43249935,8.244238719,1.66E-16,TRUE,TRUE,Exc
GFAP,2.15E-17,0.706425202,4.909199842,9.14E-07,TRUE,TRUE,Astro
KCNIP4,2.36E-12,-0.788708271,-4.813104039,1.49E-06,TRUE,TRUE,Astro
TMEM241,4.09E-12,-0.907771159,-3.800581202,0.000144357,TRUE,TRUE,Astro
CABLES1,1.45E-09,-0.372232002,-3.770268443,0.000163072,TRUE,TRUE,Astro
PREX2,5.53E-09,-0.334753551,-3.992755795,6.53E-05,TRUE,TRUE,Astro
GRM3,1.31E-08,-0.455895745,-3.530881628,0.000414177,TRUE,TRUE,Astro
SYTL4,1.65E-07,1.11232479,4.007020875,6.15E-05,TRUE,TRUE,Astro
RLBP1,1.65E-07,-1.08626675,-5.386042041,7.20E-08,TRUE,TRUE,Astro
SMURF2,1.65E-07,-0.476767531,-5.503267715,3.73E-08,TRUE,TRUE,Astro
CIRBP,1.65E-07,-0.496094858,-5.205098408,1.94E-07,TRUE,TRUE,Astro
MT2A,1.99E-07,0.429787543,4.119188931,3.80E-05,TRUE,TRUE,Astro
STMN1,2.26E-07,-1.093687962,-4.183727414,2.87E-05,TRUE,TRUE,Astro
ZFP36L1,7.47E-07,0.613394324,5.069744411,3.98E-07,TRUE,TRUE,Astro
GJA1,1.56E-06,0.38431449,4.614753537,3.94E-06,TRUE,TRUE,Astro
MT1E,1.56E-06,0.488093932,5.87396102,4.26E-09,TRUE,TRUE,Astro
SF1,2.55E-06,-0.615276081,-5.150292348,2.60E-07,TRUE,TRUE,Astro
COL27A1,5.02E-06,0.95510383,4.510406043,6.47E-06,TRUE,TRUE,Astro
PLXNB1,7.04E-06,0.497305303,6.27873176,3.41E-10,TRUE,TRUE,Astro
RGS6,8.30E-06,0.938803199,3.633338821,0.000279777,TRUE,TRUE,Astro
SCUBE3,1.16E-05,-2.16502548,-4.610892585,4.01E-06,TRUE,TRUE,Astro
CSF1,1.19E-05,1.523802479,5.018981502,5.19E-07,TRUE,TRUE,Astro
GRIA2,1.26E-05,-0.285653563,-4.874960068,1.09E-06,TRUE,TRUE,Astro
TRMT10B,1.75E-05,-0.848805408,-4.22885187,2.35E-05,TRUE,TRUE,Astro
JARID2,1.89E-05,-0.355759642,-5.351766068,8.71E-08,TRUE,TRUE,Astro
VCAN,1.91E-05,0.734997463,4.525967939,6.01E-06,TRUE,TRUE,Astro
SLCO1C1,2.59E-05,-0.303694908,-4.880439278,1.06E-06,TRUE,TRUE,Astro
PLEC,2.77E-05,0.595471879,5.2700903,1.36E-07,TRUE,TRUE,Astro
DIO2,3.11E-05,-0.921409979,-3.832702142,0.000126743,TRUE,TRUE,Astro
NR2F1,4.43E-05,0.707719815,5.067590142,4.03E-07,TRUE,TRUE,Astro
BRINP2,6.78E-05,-0.334301494,-4.248835561,2.15E-05,TRUE,TRUE,Astro
VSNL1,0.000108296,-0.811990982,-4.081778751,4.47E-05,TRUE,TRUE,Astro
PLCE1,0.000157799,0.916670167,4.613874741,3.95E-06,TRUE,TRUE,Astro
CNTNAP2,0.00026726,-0.405308768,-4.348437501,1.37E-05,TRUE,TRUE,Astro
CPE,0.000294888,0.263156384,4.624368009,3.76E-06,TRUE,TRUE,Astro
FRMD4A,0.000332397,-0.329495618,-3.544304367,0.000393651,TRUE,TRUE,Astro
IL1RAPL1,0.00033596,-0.585744536,-3.858476128,0.000114096,TRUE,TRUE,Astro
GPRC5B,0.000370671,0.396480019,4.807072345,1.53E-06,TRUE,TRUE,Astro
FAM229B,0.000448801,-0.705783673,-3.619479379,0.000295196,TRUE,TRUE,Astro
NPNT,0.000586602,2.067318172,4.043980874,5.26E-05,TRUE,TRUE,Astro
RP11-156P1.2,0.000666727,-1.178366598,-4.134239598,3.56E-05,TRUE,TRUE,Astro
GRAMD3,0.000746203,0.327103278,5.467188712,4.57E-08,TRUE,TRUE,Astro
ADAMTSL3,0.000815972,0.873788004,3.852530764,0.000116903,TRUE,TRUE,Astro
CSRP1,0.000856145,0.456599852,6.208243802,5.36E-10,TRUE,TRUE,Astro
TMBIM6,0.001012445,0.418152445,5.275969459,1.32E-07,TRUE,TRUE,Astro
ZNF423,0.001255257,-0.338293917,-3.534658501,0.000408302,TRUE,TRUE,Astro
MRAS,0.001281579,0.5266472,3.528821274,0.000417415,TRUE,TRUE,Astro
PIP4K2A,0.001330084,-0.316860903,-3.859372439,0.000113679,TRUE,TRUE,Astro
LRRC7,0.001378733,-0.842733327,-3.752035411,0.000175405,TRUE,TRUE,Astro
AHNAK,0.001450252,0.538618692,5.897910694,3.68E-09,TRUE,TRUE,Astro
HP1BP3,0.001452889,0.56867968,5.083431362,3.71E-07,TRUE,TRUE,Astro
NPAS2,0.001612791,0.534106269,3.56710737,0.000360944,TRUE,TRUE,Astro
RALGAPA2,0.001740608,-0.346936584,-4.527955794,5.96E-06,TRUE,TRUE,Astro
GPS2,0.001915474,1.778225269,3.839614814,0.000123227,TRUE,TRUE,Astro
RHPN1,0.001995071,0.762632878,3.610303131,0.000305839,TRUE,TRUE,Astro
HTATSF1,0.002509151,-1.428702525,-3.63405358,0.000279003,TRUE,TRUE,Astro
DDX17,0.002786005,0.29892673,5.243206623,1.58E-07,TRUE,TRUE,Astro
PLEKHA5,0.003146772,0.530893442,4.59833701,4.26E-06,TRUE,TRUE,Astro
MAP2K4,0.003729317,-0.466245337,-3.618082842,0.000296793,TRUE,TRUE,Astro
PEX5L,0.004111709,-0.553623856,-4.130490267,3.62E-05,TRUE,TRUE,Astro
ITGB4,0.004184238,0.44708643,4.478303151,7.52E-06,TRUE,TRUE,Astro
SLC38A2,0.004646959,0.940381436,3.804420982,0.000142136,TRUE,TRUE,Astro
SEPT11,0.007867672,-0.506116861,-3.528045779,0.00041864,TRUE,TRUE,Astro
ITGB8,0.008847011,0.52126345,5.398528025,6.72E-08,TRUE,TRUE,Astro
HVCN1,0.008847011,1.191089409,3.932906783,8.39E-05,TRUE,TRUE,Astro
RPL15,0.00885172,-0.648826788,-3.644052748,0.000268378,TRUE,TRUE,Astro
COLGALT2,0.008915587,0.887687161,4.725272206,2.30E-06,TRUE,TRUE,Astro
RPL30,0.008915587,0.802771207,4.622412309,3.79E-06,TRUE,TRUE,Astro
KAT8,0.009383948,1.237943774,4.453224604,8.46E-06,TRUE,TRUE,Astro
SYNM,0.009568295,1.028000621,4.61956784,3.85E-06,TRUE,TRUE,Astro
RASGEF1B,3.82E-57,0.353754907,4.222699439,2.41E-05,TRUE,TRUE,Oligo
MID1IP1,5.11E-52,0.887702908,7.948338883,1.89E-15,TRUE,TRUE,Oligo
LINGO1,5.20E-46,0.350726559,4.028969383,5.60E-05,TRUE,TRUE,Oligo
ERBB2IP,9.95E-42,0.308984698,4.320296034,1.56E-05,TRUE,TRUE,Oligo
SLC38A2,8.44E-38,0.647992926,6.23621176,4.48E-10,TRUE,TRUE,Oligo
SPP1,3.15E-34,0.3825788,4.325451932,1.52E-05,TRUE,TRUE,Oligo
PTMA,2.95E-33,0.331824493,4.54986005,5.37E-06,TRUE,TRUE,Oligo
CLDND1,2.75E-27,0.31680552,6.270908671,3.59E-10,TRUE,TRUE,Oligo
QDPR,2.22E-25,0.267292953,4.928392328,8.29E-07,TRUE,TRUE,Oligo
ANLN,8.90E-25,0.392597394,4.650530153,3.31E-06,TRUE,TRUE,Oligo
CA2,9.82E-23,0.395361031,3.996016356,6.44E-05,TRUE,TRUE,Oligo
LDB3,2.06E-21,-0.486147935,-6.2509862,4.08E-10,TRUE,TRUE,Oligo
PDE8A,3.57E-21,-0.263705341,-6.768295882,1.30E-11,TRUE,TRUE,Oligo
RDX,1.20E-20,0.318629294,7.48109316,7.37E-14,TRUE,TRUE,Oligo
GPRC5B,2.08E-20,0.270621269,6.796489251,1.07E-11,TRUE,TRUE,Oligo
OLIG1,2.61E-20,0.460019188,6.764510578,1.34E-11,TRUE,TRUE,Oligo
TLE4,2.19E-19,0.35078111,4.289053987,1.79E-05,TRUE,TRUE,Oligo
ITPKB,6.94E-19,0.50897583,5.746669491,9.10E-09,TRUE,TRUE,Oligo
SNAP25,3.78E-18,-0.729759161,-6.447998991,1.13E-10,TRUE,TRUE,Oligo
MAP4K5,5.03E-18,0.27658063,6.450576178,1.11E-10,TRUE,TRUE,Oligo
CPQ,5.39E-18,0.329638727,4.686424665,2.78E-06,TRUE,TRUE,Oligo
PNISR,4.39E-17,0.262464971,4.530693695,5.88E-06,TRUE,TRUE,Oligo
KCNH8,5.76E-17,-0.253402573,-7.077560282,1.47E-12,TRUE,TRUE,Oligo
SYT1,1.32E-16,-0.555805794,-4.821070083,1.43E-06,TRUE,TRUE,Oligo
METTL7A,5.31E-16,0.632688772,5.414331764,6.15E-08,TRUE,TRUE,Oligo
DPYSL2,5.39E-16,0.255776798,5.511311304,3.56E-08,TRUE,TRUE,Oligo
SLC5A11,1.23E-15,-0.306861035,-3.845296463,0.000120407,TRUE,TRUE,Oligo
LAMP1,1.36E-15,0.395245033,6.103379482,1.04E-09,TRUE,TRUE,Oligo
SUN2,2.86E-15,0.284529584,4.326472974,1.52E-05,TRUE,TRUE,Oligo
HP1BP3,4.96E-15,0.352417502,4.455991134,8.35E-06,TRUE,TRUE,Oligo
RHOBTB3,9.19E-15,0.463188066,5.080717858,3.76E-07,TRUE,TRUE,Oligo
CSRP1,1.75E-14,0.286312354,4.59513883,4.32E-06,TRUE,TRUE,Oligo
CCP110,2.46E-14,0.280095257,4.495887224,6.93E-06,TRUE,TRUE,Oligo
PPA1,3.32E-14,0.402213162,5.196987101,2.03E-07,TRUE,TRUE,Oligo
SEPP1,3.68E-14,0.275701705,4.364489345,1.27E-05,TRUE,TRUE,Oligo
TMBIM6,3.13E-13,0.347497959,5.63903374,1.71E-08,TRUE,TRUE,Oligo
SEPT8,3.67E-13,0.323893063,4.940165725,7.81E-07,TRUE,TRUE,Oligo
GREB1L,6.13E-13,-0.442481266,-4.948504921,7.48E-07,TRUE,TRUE,Oligo
RPS27,7.88E-13,0.571766143,4.361373106,1.29E-05,TRUE,TRUE,Oligo
HTRA1,9.27E-13,0.318373541,4.162887418,3.14E-05,TRUE,TRUE,Oligo
SOX10,1.17E-12,0.406396554,5.082206423,3.73E-07,TRUE,TRUE,Oligo
VWA1,1.18E-12,0.408072612,3.987774094,6.67E-05,TRUE,TRUE,Oligo
DBI,1.95E-12,0.49244941,6.409901422,1.46E-10,TRUE,TRUE,Oligo
NRGN,3.15E-12,-0.98759197,-4.897597053,9.70E-07,TRUE,TRUE,Oligo
PCDH10,3.47E-12,0.486372368,4.654763905,3.24E-06,TRUE,TRUE,Oligo
PPP1R12B,5.09E-12,-0.314030567,-8.844234074,9.22E-19,TRUE,TRUE,Oligo
MYO10,1.33E-11,0.521870595,4.590620093,4.42E-06,TRUE,TRUE,Oligo
EEF1A1,2.03E-11,0.262997221,4.137283568,3.51E-05,TRUE,TRUE,Oligo
CARNS1,3.33E-11,-0.339662163,-6.448229956,1.13E-10,TRUE,TRUE,Oligo
IRS2,4.39E-11,0.524574031,5.985795144,2.15E-09,TRUE,TRUE,Oligo
TSC22D4,4.60E-11,0.299496387,4.117443236,3.83E-05,TRUE,TRUE,Oligo
NKX6-2,5.88E-11,0.327677237,4.159448319,3.19E-05,TRUE,TRUE,Oligo
FANCC,6.47E-11,0.527859604,4.279303004,1.87E-05,TRUE,TRUE,Oligo
TP53TG5,6.47E-11,-0.395649443,-6.919741851,4.52E-12,TRUE,TRUE,Oligo
RPLP1,2.33E-10,0.332959352,3.824138581,0.00013123,TRUE,TRUE,Oligo
SLC6A15,2.98E-10,0.515319782,5.748050369,9.03E-09,TRUE,TRUE,Oligo
MRPS6,3.90E-10,0.953778305,5.198277422,2.01E-07,TRUE,TRUE,Oligo
DLGAP1,5.15E-10,-0.664113183,-4.854602556,1.21E-06,TRUE,TRUE,Oligo
GPM6A,1.11E-09,-0.707949879,-4.302089911,1.69E-05,TRUE,TRUE,Oligo
ATF4,1.91E-09,0.456890552,5.987476587,2.13E-09,TRUE,TRUE,Oligo
GUCY1A2,2.16E-09,0.866889117,4.417310562,9.99E-06,TRUE,TRUE,Oligo
SEMA3B,2.54E-09,-0.300615789,-5.293600797,1.20E-07,TRUE,TRUE,Oligo
SEC14L5,3.64E-09,-0.42657621,-4.817122307,1.46E-06,TRUE,TRUE,Oligo
RBM48,3.77E-09,0.497383741,4.681462737,2.85E-06,TRUE,TRUE,Oligo
SPARCL1,5.69E-09,-0.605215239,-4.137791151,3.51E-05,TRUE,TRUE,Oligo
KCTD7,6.97E-09,-0.388629979,-3.938127675,8.21E-05,TRUE,TRUE,Oligo
TESK2,7.37E-09,-0.386128106,-6.830273184,8.48E-12,TRUE,TRUE,Oligo
LGALS3BP,9.54E-09,0.514856157,4.899996661,9.58E-07,TRUE,TRUE,Oligo
ITGA2,1.06E-08,-0.339350574,-4.83450042,1.33E-06,TRUE,TRUE,Oligo
ARSI,1.06E-08,-0.66110433,-5.669129865,1.44E-08,TRUE,TRUE,Oligo
CGGBP1,1.31E-08,0.335264767,4.893032276,9.93E-07,TRUE,TRUE,Oligo
GPC5,1.33E-08,0.637450321,4.571935737,4.83E-06,TRUE,TRUE,Oligo
LHFPL3,1.57E-08,0.56908829,4.136024537,3.53E-05,TRUE,TRUE,Oligo
AGPAT4,2.80E-08,-0.305414485,-4.708251169,2.50E-06,TRUE,TRUE,Oligo
SLC25A29,5.76E-08,-0.525372863,-5.276405986,1.32E-07,TRUE,TRUE,Oligo
RAMP1,1.00E-07,0.72765575,5.438838754,5.36E-08,TRUE,TRUE,Oligo
ZBTB44,1.22E-07,0.28975916,4.469643401,7.84E-06,TRUE,TRUE,Oligo
LIFR,1.85E-07,0.26833705,4.750465975,2.03E-06,TRUE,TRUE,Oligo
TMED10,2.11E-07,0.309545352,4.349208954,1.37E-05,TRUE,TRUE,Oligo
CHN1,2.28E-07,-0.398672034,-3.94760294,7.89E-05,TRUE,TRUE,Oligo
TRIM47,2.43E-07,0.84364971,4.381535237,1.18E-05,TRUE,TRUE,Oligo
CDKN1B,3.29E-07,0.406287264,3.837068959,0.000124512,TRUE,TRUE,Oligo
PIM3,4.13E-07,0.512635792,3.850538489,0.000117858,TRUE,TRUE,Oligo
TRIM28,4.16E-07,0.605302993,4.77540252,1.79E-06,TRUE,TRUE,Oligo
RPS2,5.76E-07,0.344780706,5.00455105,5.60E-07,TRUE,TRUE,Oligo
CERS2,6.89E-07,0.348148836,4.008563555,6.11E-05,TRUE,TRUE,Oligo
IRF2BP2,8.22E-07,0.322797005,4.363371737,1.28E-05,TRUE,TRUE,Oligo
DEK,9.87E-07,0.335543849,4.575318297,4.75E-06,TRUE,TRUE,Oligo
PALM2,1.08E-06,-0.275143415,-4.29401901,1.75E-05,TRUE,TRUE,Oligo
SVIP,1.26E-06,0.335232222,4.253171642,2.11E-05,TRUE,TRUE,Oligo
ZKSCAN1,1.31E-06,-0.272977585,-4.241705727,2.22E-05,TRUE,TRUE,Oligo
RRBP1,1.55E-06,0.388231756,4.30975159,1.63E-05,TRUE,TRUE,Oligo
RGS4,1.64E-06,-1.140149758,-4.457938568,8.28E-06,TRUE,TRUE,Oligo
CIRBP,1.66E-06,-0.321065152,-5.348750612,8.86E-08,TRUE,TRUE,Oligo
SLITRK5,1.75E-06,0.841025783,3.88456372,0.000102514,TRUE,TRUE,Oligo
CHORDC1,2.29E-06,0.484251988,4.266552556,1.99E-05,TRUE,TRUE,Oligo
AUP1,2.51E-06,0.465964779,4.390567109,1.13E-05,TRUE,TRUE,Oligo
RAB3A,3.07E-06,-0.879184234,-5.044217619,4.55E-07,TRUE,TRUE,Oligo
WBP2,3.34E-06,0.293620896,3.81979659,0.000133562,TRUE,TRUE,Oligo
LARP7,3.68E-06,0.264983285,4.415069278,1.01E-05,TRUE,TRUE,Oligo
STMN2,5.83E-06,-0.725659049,-4.528811597,5.93E-06,TRUE,TRUE,Oligo
SNX29,6.37E-06,-0.250857127,-5.050416628,4.41E-07,TRUE,TRUE,Oligo
GPI,7.12E-06,-0.316341226,-4.373987894,1.22E-05,TRUE,TRUE,Oligo
RPL35,7.38E-06,0.302017662,4.422122697,9.77E-06,TRUE,TRUE,Oligo
IFNGR1,8.40E-06,0.593991729,4.247967014,2.16E-05,TRUE,TRUE,Oligo
XPO5,9.52E-06,0.365556398,5.104515189,3.32E-07,TRUE,TRUE,Oligo
VEZF1,1.08E-05,0.34557206,3.890717237,9.99E-05,TRUE,TRUE,Oligo
MIEN1,1.26E-05,0.440497416,4.834450839,1.34E-06,TRUE,TRUE,Oligo
RAD21,1.28E-05,0.31533734,4.234139803,2.29E-05,TRUE,TRUE,Oligo
PHF3,1.73E-05,0.272118634,4.580297169,4.64E-06,TRUE,TRUE,Oligo
CEP97,1.91E-05,0.265220848,3.998769557,6.37E-05,TRUE,TRUE,Oligo
CD63,1.91E-05,0.357860602,5.315706603,1.06E-07,TRUE,TRUE,Oligo
FKBP4,2.01E-05,0.442121013,4.607685347,4.07E-06,TRUE,TRUE,Oligo
GNB2L1,2.01E-05,0.260193781,5.212804746,1.86E-07,TRUE,TRUE,Oligo
GRM7,2.26E-05,-0.464614155,-3.810909443,0.000138456,TRUE,TRUE,Oligo
PRKD1,2.49E-05,0.261297449,4.214516675,2.50E-05,TRUE,TRUE,Oligo
MYO15B,2.62E-05,-0.426646264,-5.690988384,1.26E-08,TRUE,TRUE,Oligo
PTCH1,2.64E-05,0.435463007,4.234147454,2.29E-05,TRUE,TRUE,Oligo
SNCG,3.04E-05,-1.012607593,-4.555415356,5.23E-06,TRUE,TRUE,Oligo
SLC13A3,3.95E-05,-0.325511078,-4.45106242,8.54E-06,TRUE,TRUE,Oligo
JTB,4.03E-05,0.297967213,4.285563125,1.82E-05,TRUE,TRUE,Oligo
KCTD4,4.03E-05,0.537213176,3.93094608,8.46E-05,TRUE,TRUE,Oligo
TRIM8,4.30E-05,0.426589913,4.322164362,1.55E-05,TRUE,TRUE,Oligo
EML1,5.71E-05,-0.527441071,-5.96064772,2.51E-09,TRUE,TRUE,Oligo
SLC35B2,6.29E-05,0.518906886,4.135318639,3.54E-05,TRUE,TRUE,Oligo
TMEM178B,6.35E-05,-0.723663496,-4.39759306,1.09E-05,TRUE,TRUE,Oligo
CAMK2D,6.52E-05,0.283828773,4.118123002,3.82E-05,TRUE,TRUE,Oligo
EVA1C,7.61E-05,-0.309952602,-6.327989942,2.48E-10,TRUE,TRUE,Oligo
SH3TC2,7.70E-05,-0.252509106,-4.122485204,3.75E-05,TRUE,TRUE,Oligo
COMMD6,8.36E-05,0.336354051,4.202633508,2.64E-05,TRUE,TRUE,Oligo
SH3GL2,8.84E-05,-1.004617196,-3.80959941,0.000139192,TRUE,TRUE,Oligo
PCBP1,8.86E-05,0.298591294,4.011944896,6.02E-05,TRUE,TRUE,Oligo
RPL5,0.000114454,0.283641731,4.343718329,1.40E-05,TRUE,TRUE,Oligo
GPS2,0.000124967,0.706718157,3.948056404,7.88E-05,TRUE,TRUE,Oligo
BEX5,0.00013616,-1.038569837,-4.006544748,6.16E-05,TRUE,TRUE,Oligo
GARNL3,0.000153214,-0.281925347,-5.610075541,2.02E-08,TRUE,TRUE,Oligo
GRIK4,0.000195652,-0.323231446,-4.52129898,6.15E-06,TRUE,TRUE,Oligo
GSTP1,0.000216026,0.273360047,4.726362621,2.29E-06,TRUE,TRUE,Oligo
GAP43,0.000251077,-0.745285199,-4.101568383,4.10E-05,TRUE,TRUE,Oligo
GALNT15,0.000289656,-0.43172006,-5.360778671,8.29E-08,TRUE,TRUE,Oligo
CES4A,0.000338987,-0.396486709,-4.193735405,2.74E-05,TRUE,TRUE,Oligo
LDLRAD4,0.000386696,-0.250123776,-4.685456457,2.79E-06,TRUE,TRUE,Oligo
MLLT11,0.000422733,-0.93655614,-3.827119354,0.000129652,TRUE,TRUE,Oligo
CCDC102B,0.00045273,-0.441596427,-4.614583448,3.94E-06,TRUE,TRUE,Oligo
PIK3C2B,0.000500567,-0.256520692,-4.435372755,9.19E-06,TRUE,TRUE,Oligo
SRGAP3,0.000511062,-0.302996838,-4.983705782,6.24E-07,TRUE,TRUE,Oligo
REST,0.000524305,0.361509728,3.837406977,0.00012434,TRUE,TRUE,Oligo
ATG14,0.000563043,-0.422980603,-5.536888276,3.08E-08,TRUE,TRUE,Oligo
GNG3,0.000648362,-0.887584402,-4.419765722,9.88E-06,TRUE,TRUE,Oligo
GPR137B,0.000760026,-0.685327993,-4.777853003,1.77E-06,TRUE,TRUE,Oligo
DAPK2,0.000791098,-0.254885885,-4.851354305,1.23E-06,TRUE,TRUE,Oligo
ASCC2,0.000850971,-0.505517279,-4.952354045,7.33E-07,TRUE,TRUE,Oligo
FBXO44,0.000886718,0.381614609,3.940182294,8.14E-05,TRUE,TRUE,Oligo
FAM200B,0.00093002,0.265146771,4.189687566,2.79E-05,TRUE,TRUE,Oligo
C16orf13,0.000945183,0.316696563,3.843255379,0.000121413,TRUE,TRUE,Oligo
NACA2,0.001366207,0.471361521,3.946613441,7.93E-05,TRUE,TRUE,Oligo
SNAI3,0.00148567,-0.529223481,-5.401470207,6.61E-08,TRUE,TRUE,Oligo
DPH7,0.002491814,-0.430473737,-4.374082486,1.22E-05,TRUE,TRUE,Oligo
AARS,0.002576964,0.313975616,3.884583647,0.000102505,TRUE,TRUE,Oligo
RAB11FIP4,0.002870132,-0.251118747,-4.825429534,1.40E-06,TRUE,TRUE,Oligo
INTU,0.003258135,-0.512336952,-4.975341563,6.51E-07,TRUE,TRUE,Oligo
CALY,0.003360318,-1.064194231,-4.015070025,5.94E-05,TRUE,TRUE,Oligo
SNAPC1,0.004215298,-0.71864914,-3.972664889,7.11E-05,TRUE,TRUE,Oligo
HEY2,0.004429216,0.420270634,3.877269978,0.000105635,TRUE,TRUE,Oligo
PTPDC1,0.004636685,-0.32123983,-4.28899842,1.79E-05,TRUE,TRUE,Oligo
RP11-403P17.5,0.005926083,-0.703808121,-3.955223097,7.65E-05,TRUE,TRUE,Oligo
DPF3,0.006264566,-0.350359389,-4.036153003,5.43E-05,TRUE,TRUE,Oligo
CCDC82,0.006848545,-0.327450067,-4.485625974,7.27E-06,TRUE,TRUE,Oligo
DYNC2LI1,0.007086772,-0.405579397,-4.161824247,3.16E-05,TRUE,TRUE,Oligo
TRAPPC13,0.007653867,-0.335744961,-4.226530547,2.37E-05,TRUE,TRUE,Oligo
TARBP1,0.008153627,-0.451954236,-4.575801488,4.74E-06,TRUE,TRUE,Oligo
KIAA0895L,0.008775678,-0.613267658,-3.815003338,0.000136181,TRUE,TRUE,Oligo
ELOVL6,0.009754349,-0.28974988,-4.332798525,1.47E-05,TRUE,TRUE,Oligo
RASGEF1B,1.64E-14,0.527947502,2.846807859,0.004416001,TRUE,TRUE,OPC
OLIG1,3.32E-13,0.595101796,6.854404778,7.16E-12,TRUE,TRUE,OPC
VCAN,3.19E-08,0.280376003,4.728923757,2.26E-06,TRUE,TRUE,OPC
KCNIP1,1.18E-07,-0.406192237,-5.692433253,1.25E-08,TRUE,TRUE,OPC
AHI1,4.53E-07,-0.44832646,-5.01113608,5.41E-07,TRUE,TRUE,OPC
SLC26A3,6.44E-06,0.457601422,2.91009613,0.003613176,TRUE,TRUE,OPC
SOX8,7.58E-05,0.799783587,4.533776802,5.79E-06,TRUE,TRUE,OPC
ATP13A4,0.000271382,-0.375129532,-4.407910714,1.04E-05,TRUE,TRUE,OPC
MARCKS,0.000754947,0.582440869,4.518275539,6.23E-06,TRUE,TRUE,OPC
MCF2L2,0.00175168,-0.426490009,-4.418786557,9.93E-06,TRUE,TRUE,OPC
GADD45B,0.00175168,-2.221532715,-2.791343772,0.005248969,TRUE,TRUE,OPC
CACNA1D,0.002360934,-0.403048301,-4.216446723,2.48E-05,TRUE,TRUE,OPC
SNAP25,0.003503293,-0.344804661,-3.17908729,0.001477396,TRUE,TRUE,OPC
LRRC75A,0.003776338,-1.248960935,-3.721815019,0.000197796,TRUE,TRUE,OPC
SLC6A11,0.004224829,-0.532660179,-2.79315456,0.005219675,TRUE,TRUE,OPC
PDGFRA,0.004224829,0.457818159,3.872598808,0.000107681,TRUE,TRUE,OPC
TNIK,0.004359835,-0.25397913,-3.164854258,0.001551606,TRUE,TRUE,OPC
ZNF565,0.005086448,-0.51304509,-3.410284509,0.000648951,TRUE,TRUE,OPC
CD163L1,0.005179602,0.768906325,3.484420046,0.000493205,TRUE,TRUE,OPC
MT1M,0.00529348,0.876298395,4.676989126,2.91E-06,TRUE,TRUE,OPC
KIFC2,0.005479263,1.604516595,4.261135341,2.03E-05,TRUE,TRUE,OPC
AFAP1,0.006866957,-0.385944688,-3.529873361,0.000415759,TRUE,TRUE,OPC
IFIT1,0.006866957,-1.129643054,-3.025672458,0.002480809,TRUE,TRUE,OPC
FMNL3,0.006866957,-0.389744903,-3.093914348,0.001975345,TRUE,TRUE,OPC
GALR1,0.006866957,-0.624129627,-3.082400856,0.002053381,TRUE,TRUE,OPC
SNX9,0.007213228,-0.489801316,-3.480403057,0.00050066,TRUE,TRUE,OPC
VDAC3,0.007958161,-0.515436914,-2.881322118,0.003960107,TRUE,TRUE,OPC
GPR158,0.009538245,-0.504417871,-3.081865907,0.002057075,TRUE,TRUE,OPC
SPP1,8.89E-11,1.102719289,3.099492955,0.001938522,TRUE,TRUE,Micro
CD81,1.10E-07,1.452582865,4.495829394,6.93E-06,TRUE,TRUE,Micro
APOE,1.15E-06,0.536419398,3.288005706,0.001008998,TRUE,TRUE,Micro
TMEM2,1.27E-06,-1.76525838,-4.977879564,6.43E-07,TRUE,TRUE,Micro
PTPRG,1.07E-05,2.219839596,4.244309263,2.19E-05,TRUE,TRUE,Micro
APOC1,1.73E-05,1.782078385,4.631774152,3.63E-06,TRUE,TRUE,Micro
RORA,1.91E-05,-1.587572975,-5.012073464,5.38E-07,TRUE,TRUE,Micro
SAT1,2.78E-05,-0.608541983,-3.114327978,0.001843644,TRUE,TRUE,Micro
C1QC,3.04E-05,1.018100386,3.743710319,0.000181323,TRUE,TRUE,Micro
RPS19,5.52E-05,0.67995704,3.9173104,8.95E-05,TRUE,TRUE,Micro
SYTL3,7.66E-05,-1.514356847,-4.991040322,6.01E-07,TRUE,TRUE,Micro
SNCA,0.000168453,0.98777755,4.927723943,8.32E-07,TRUE,TRUE,Micro
NAMPT,0.000168453,-1.814119062,-4.924107131,8.47E-07,TRUE,TRUE,Micro
CACNA1A,0.000188127,0.910621114,3.533947646,0.000409402,TRUE,TRUE,Micro
VSIG4,0.00019113,0.869079369,3.547514682,0.000388884,TRUE,TRUE,Micro
RPLP1,0.00019113,0.900408704,3.950950885,7.78E-05,TRUE,TRUE,Micro
EPSTI1,0.000191837,-1.30738604,-4.105895295,4.03E-05,TRUE,TRUE,Micro
ZC3HAV1,0.000250406,-0.928343047,-3.948296499,7.87E-05,TRUE,TRUE,Micro
RPL18A,0.000977474,2.006936945,3.932135854,8.42E-05,TRUE,TRUE,Micro
RNF149,0.001150219,-0.683784603,-3.338833198,0.000841311,TRUE,TRUE,Micro
SAMD9L,0.001233068,-1.109168468,-4.149682386,3.33E-05,TRUE,TRUE,Micro
NR4A2,0.001593349,-3.214595815,-3.204783462,0.001351641,TRUE,TRUE,Micro
IFNGR1,0.002607709,0.522394996,3.57107578,0.000355518,TRUE,TRUE,Micro
MYO1E,0.002633264,0.714265833,3.440786186,0.000580027,TRUE,TRUE,Micro
RPL7A,0.002728431,1.053838212,3.303164947,0.000956001,TRUE,TRUE,Micro
SLC1A5,0.003369845,1.488940728,3.359873824,0.000779781,TRUE,TRUE,Micro
RPS28,0.004299246,1.414669956,3.077966814,0.002084181,TRUE,TRUE,Micro
RABGAP1L,0.004326715,-0.516304268,-3.935878801,8.29E-05,TRUE,TRUE,Micro
TMBIM6,0.004330565,0.813286068,3.47322368,0.000514247,TRUE,TRUE,Micro
TNFRSF1B,0.004434886,-0.750164515,-3.770472146,0.000162939,TRUE,TRUE,Micro
DTNA,0.00549843,0.477263792,3.720673682,0.000198692,TRUE,TRUE,Micro
RPS2,0.005999869,0.967156988,3.40543768,0.000660581,TRUE,TRUE,Micro
FCGBP,0.007251139,0.762200777,3.203849387,0.001356034,TRUE,TRUE,Micro
GPX1,0.008253088,0.835105626,4.239458414,2.24E-05,TRUE,TRUE,Micro
RAD51B,0.00924892,-0.433303184,-4.250975167,2.13E-05,TRUE,TRUE,Micro